"1","Justin Jefferson","MIN","13","WR1","1","1","1","1","","1.0"
"2","Christian McCaffrey","SF","9","RB1","4","2","2","2","","2.5"
"3","Austin Ekeler","LAC","5","RB2","2","4","3","4","","3.3"
"4","Ja'Marr Chase","CIN","7","WR2","3","3","4","3","","3.3"
"5","Cooper Kupp","LAR","10","WR3","6","6","5","6","","5.8"
"6","Travis Kelce","KC","10","TE1","5","5","6","8","","6.0"
"7","Tyreek Hill","MIA","10","WR4","7","7","8","7","","7.3"
"8","Saquon Barkley","NYG","13","RB3","9","10","7","5","","7.8"
"9","Bijan Robinson","ATL","11","RB4","8","8","9","9","","8.5"
"10","Stefon Diggs","BUF","13","WR5","11","9","10","12","","10.5"
"11","CeeDee Lamb","DAL","7","WR6","14","11","15","11","","12.8"
"12","Davante Adams","LV","13","WR7","13","15","12","15","","13.8"
"13","Nick Chubb","CLE","5","RB5","15","14","17","10","","14.0"
"14","A.J. Brown","PHI","10","WR8","18","12","13","14","","14.3"
"15","Patrick Mahomes II","KC","10","QB1","12","13","16","21","","15.5"
"16","Derrick Henry","TEN","7","RB6","10","17","19","19","","16.3"
"17","Jonathan Taylor","IND","11","RB7","20","16","11","18","","16.3"
"18","Josh Jacobs","LV","13","RB8","16","20","14","23","","18.3"
"19","Amon-Ra St. Brown","DET","9","WR9","19","18","21","17","","18.8"
"20","Garrett Wilson","NYJ","7","WR10","21","19","20","16","","19.0"
"21","Tony Pollard","DAL","7","RB9","23","23","18","13","","19.3"
"22","Josh Allen","BUF","13","QB2","17","22","22","20","","20.3"
"23","Jaylen Waddle","MIA","10","WR11","24","21","25","25","","23.8"
"24","Jalen Hurts","PHI","10","QB3","22","24","23","27","","24.0"
"25","Rhamondre Stevenson","NE","11","RB10","35","27","28","22","","28.0"
"26","Mark Andrews","BAL","13","TE2","31","25","26","30","","28.0"
"27","DeVonta Smith","PHI","10","WR12","30","29","27","26","","28.0"
"28","Najee Harris","PIT","6","RB11","34","31","30","24","","29.8"
"29","Tee Higgins","CIN","7","WR13","27","28","29","36","","30.0"
"30","Breece Hall","NYJ","7","RB12","32","30","24","35","","30.3"
"31","Travis Etienne Jr.","JAX","9","RB13","28","33","31","29","","30.3"
"32","Chris Olave","NO","11","WR14","38","26","32","28","","31.0"
"33","DK Metcalf","SEA","5","WR15","26","32","34","37","","32.3"
"34","Joe Mixon","CIN","7","RB14","25","41","42","34","","35.5"
"35","Lamar Jackson","BAL","13","QB4","29","35","35","44","","35.8"
"36","Jahmyr Gibbs","DET","9","RB15","39","36","37","32","","36.0"
"37","Joe Burrow","CIN","7","QB5","36","34","33","41","","36.0"
"38","Deebo Samuel","SF","9","WR16","37","37","39","39","","38.0"
"39","Aaron Jones","GB","6","RB16","33","43","38","42","","39.0"
"40","Calvin Ridley","JAX","9","WR17","48","40","36","38","","40.5"
"41","Amari Cooper","CLE","5","WR18","43","45","45","40","","43.3"
"42","T.J. Hockenson","MIN","13","TE3","40","44","47","46","","44.3"
"43","Keenan Allen","LAC","5","WR19","41","39","52","49","","45.3"
"44","Kenneth Walker III","SEA","5","RB17","63","38","50","33","","46.0"
"45","Justin Fields","CHI","13","QB6","46","46","40","53","","46.3"
"46","Justin Herbert","LAC","5","QB7","47","48","44","47","","46.5"
"47","Miles Sanders","CAR","7","RB18","52","53","41","43","","47.3"
"48","Dameon Pierce","HOU","7","RB19","44","51","64","31","","47.5"
"49","George Kittle","SF","9","TE4","42","47","46","57","","48.0"
"50","Terry McLaurin","WAS","14","WR20","58","50","48","45","","50.3"
"51","DeAndre Hopkins","TEN","7","WR21","51","49","56","48","","51.0"
"52","DJ Moore","CHI","13","WR22","56","52","43","63","","53.5"
"53","Jerry Jeudy","DEN","9","WR23","50","55","60","59","","56.0"
"54","Darren Waller","NYG","13","TE5","45","63","54","66","","57.0"
"55","Christian Watson","GB","6","WR24","53","57","59","60","","57.3"
"56","Trevor Lawrence","JAX","9","QB8","65","58","49","65","","59.3"
"57","Alvin Kamara","NO","11","RB20","57","42","68","73","","60.0"
"58","Dalvin Cook","NYJ","","RB21","75","68","51","54","","62.0"
"59","Kyle Pitts","ATL","11","TE6","60","60","57","71","","62.0"
"60","Cam Akers","LAR","10","RB22","67","65","61","58","","62.8"
"61","Mike Williams","LAC","5","WR25","68","72","53","62","","63.8"
"62","James Conner","ARI","14","RB23","55","66","73","61","","63.8"
"63","Rachaad White","TB","5","RB24","49","74","83","52","","64.5"
"64","Dallas Goedert","PHI","10","TE7","62","64","58","77","","65.3"
"65","Alexander Mattison","MIN","13","RB25","66","59","94","50","","67.3"
"66","Chris Godwin","TB","5","WR26","54","62","86","67","","67.3"
"67","Drake London","ATL","11","WR27","78","54","69","70","","67.8"
"68","J.K. Dobbins","BAL","13","RB26","96","56","66","55","","68.3"
"69","D'Andre Swift","PHI","10","RB27","81","61","77","56","","68.8"
"70","Isiah Pacheco","KC","10","RB28","69","75","75","69","","72.0"
"71","Tyler Lockett","SEA","5","WR28","72","71","76","76","","73.8"
"72","Brandon Aiyuk","SF","9","WR29","74","67","84","72","","74.3"
"73","Deshaun Watson","CLE","5","QB9","71","88","55","85","","74.8"
"74","Mike Evans","TB","5","WR30","59","76","81","83","","74.8"
"75","Christian Kirk","JAX","9","WR31","84","73","80","64","","75.3"
"76","Javonte Williams","DEN","9","RB29","87","77","89","51","","76.0"
"77","Diontae Johnson","PIT","6","WR32","61","79","93","80","","78.3"
"78","Evan Engram","JAX","9","TE8","76","82","67","91","","79.0"
"79","Michael Pittman Jr.","IND","11","WR33","85","69","92","75","","80.3"
"80","James Cook","BUF","13","RB30","77","87","95","68","","81.8"
"81","Marquise Brown","ARI","14","WR34","73","70","117","81","","85.3"
"82","David Njoku","CLE","5","TE9","91","90","63","99","","85.8"
"83","David Montgomery","DET","9","RB31","80","80","109","74","","85.8"
"84","Dak Prescott","DAL","7","QB10","86","85","88","88","","86.8"
"85","George Pickens","PIT","6","WR35","83","81","106","82","","88.0"
"86","San Francisco 49ers","SF","9","DST1","64","125","62","107","","89.5"
"87","Tua Tagovailoa","MIA","10","QB11","103","93","72","101","","92.3"
"88","AJ Dillon","GB","6","RB32","101","92","105","78","","94.0"
"89","Jaxon Smith-Njigba","SEA","5","WR36","95","78","114","92","","94.8"
"90","Jahan Dotson","WAS","14","WR37","102","86","101","94","","95.8"
"91","Pat Freiermuth","PIT","6","TE10","79","84","126","95","","96.0"
"92","Brandin Cooks","DAL","7","WR38","92","95","103","97","","96.8"
"93","Jordan Addison","MIN","13","WR39","110","83","102","93","","97.0"
"94","Treylon Burks","TEN","7","WR40","104","89","107","100","","100.0"
"95","Jamaal Williams","NO","11","RB33","108","101","108","87","","101.0"
"96","Michael Thomas","NO","11","WR41","90","97","120","102","","102.3"
"97","Odell Beckham Jr.","BAL","13","WR42","94","111","99","106","","102.5"
"98","Justin Tucker","BAL","13","K1","70","150","71","120","","102.8"
"99","Aaron Rodgers","NYJ","7","QB12","93","109","98","123","","105.8"
"100","JuJu Smith-Schuster","NE","11","WR43","113","98","113","108","","108.0"
"101","Kirk Cousins","MIN","13","QB13","88","108","124","114","","108.5"
"102","Courtland Sutton","DEN","9","WR44","99","113","127","96","","108.8"
"103","Gabe Davis","BUF","13","WR45","120","100","112","105","","109.3"
"104","Brian Robinson Jr.","WAS","14","RB34","111","99","150","84","","111.0"
"105","Khalil Herbert","CHI","13","RB35","123","110","122","90","","111.3"
"106","Samaje Perine","DEN","9","RB36","112","107","131","98","","112.0"
"107","Philadelphia Eagles","PHI","10","DST2","141","127","65","116","","112.3"
"108","Antonio Gibson","WAS","14","RB37","119","94","160","79","","113.0"
"109","Buffalo Bills","BUF","13","DST3","82","153","70","153","","114.5"
"110","Dalton Schultz","HOU","7","TE11","114","106","115","125","","115.0"
"111","Kadarius Toney","KC","10","WR46","163","91","90","117","","115.3"
"112","Daniel Jones","NYG","13","QB14","106","124","123","113","","116.5"
"113","Anthony Richardson","IND","11","QB15","124","102","118","126","","117.5"
"114","Geno Smith","SEA","5","QB16","117","118","116","121","","118.0"
"115","Daniel Carlson","LV","13","K2","100","154","79","149","","120.5"
"116","Zach Charbonnet","SEA","5","RB38","158","105","119","103","","121.3"
"117","Quentin Johnston","LAC","5","WR47","134","96","135","124","","122.3"
"118","Jerick McKinnon","KC","10","RB39","125","121","133","110","","122.3"
"119","Zay Flowers","BAL","13","WR48","132","104","143","122","","125.3"
"120","Cole Kmet","CHI","13","TE12","109","114","139","144","","126.5"
"121","Dallas Cowboys","DAL","7","DST4","98","151","125","133","","126.8"
"122","Dalton Kincaid","BUF","13","TE13","145","117","144","115","","130.3"
"123","New England Patriots","NE","11","DST5","136","163","78","146","","130.8"
"124","Rashaad Penny","PHI","10","RB40","130","103","202","89","","131.0"
"125","Jared Goff","DET","9","QB17","151","130","134","118","","133.3"
"126","Russell Wilson","DEN","9","QB18","129","137","132","140","","134.5"
"127","De'Von Achane","MIA","10","RB41","199","115","140","86","","135.0"
"128","Adam Thielen","CAR","7","WR49","140","123","158","129","","137.5"
"129","New York Jets","NYJ","7","DST6","122","156","74","199","","137.8"
"130","Tyler Higbee","LAR","10","TE14","118","135","151","150","","138.5"
"131","Allen Lazard","NYJ","7","WR50","148","119","154","134","","138.8"
"132","Tyler Bass","BUF","13","K3","135","159","104","159","","139.3"
"133","Jason Myers","SEA","5","K4","139","164","82","173","","139.5"
"134","Evan McPherson","CIN","7","K5","97","152","141","168","","139.5"
"135","Elijah Mitchell","SF","9","RB42","168","126","157","111","","140.5"
"136","Jameson Williams","DET","9","WR51","185","116","130","131","","140.5"
"137","Baltimore Ravens","BAL","13","DST7","153","158","87","166","","141.0"
"138","Miami Dolphins","MIA","10","DST8","105","162","96","202","","141.3"
"139","Skyy Moore","KC","10","WR52","121","132","185","130","","142.0"
"140","Jakobi Meyers","LV","13","WR53","115","129","176","156","","144.0"
"141","Harrison Butker","KC","10","K6","107","155","142","176","","145.0"
"142","Greg Dulcich","DEN","9","TE15","142","131","163","145","","145.3"
"143","Younghoe Koo","ATL","11","K7","137","160","85","201","","145.8"
"144","Chigoziem Okonkwo","TEN","7","TE16","157","122","169","135","","145.8"
"145","Damien Harris","BUF","13","RB43","159","120","205","104","","147.0"
"146","Kendre Miller","NO","11","RB44","149","145","162","138","","148.5"
"147","Tyler Boyd","CIN","7","WR54","146","136","149","171","","150.5"
"148","Devin Singletary","HOU","7","RB45","156","142","167","137","","150.5"
"149","Elijah Moore","CLE","5","WR55","152","112","227","112","","150.8"
"150","Raheem Mostert","MIA","10","RB46","138","149","180","136","","150.8"
"151","Gerald Everett","LAC","5","TE17","154","147","121","189","","152.8"
"152","Jeff Wilson Jr.","MIA","10","RB47","131","181","138","161","","152.8"
"153","Pittsburgh Steelers","PIT","6","DST9","89","161","137","225","","153.0"
"154","Rashod Bateman","BAL","13","WR56","233","128","111","155","","156.8"
"155","Tyler Allgeier","ATL","11","RB48","176","133","188","132","","157.3"
"156","Ezekiel Elliott","NE","","RB49","175","148","166","142","","157.8"
"157","D'Onta Foreman","CHI","13","RB50","198","143","201","109","","162.8"
"158","Kansas City Chiefs","KC","10","DST10","173","183","110","190","","164.0"
"159","Darnell Mooney","CHI","13","WR57","133","134","229","165","","165.3"
"160","Matthew Stafford","LAR","10","QB19","160","187","147","167","","165.3"
"161","Derek Carr","NO","11","QB20","169","172","161","162","","166.0"
"162","Bryce Young","CAR","7","QB21","164","141","155","208","","167.0"
"163","Rondale Moore","ARI","14","WR58","127","138","271","143","","169.8"
"164","Juwan Johnson","NO","11","TE18","203","191","100","188","","170.5"
"165","Sam LaPorta","DET","9","TE19","191","140","206","148","","171.3"
"166","Zay Jones","JAX","9","WR59","165","169","174","183","","172.8"
"167","Jalin Hyatt","NYG","13","WR60","200","174","148","172","","173.5"
"168","Jake Elliott","PHI","10","K8","150","157","168","226","","175.3"
"169","Brock Purdy","SF","9","QB22","167","186","156","192","","175.3"
"170","Nico Collins","HOU","7","WR61","166","167","224","152","","177.3"
"171","Michael Gallup","DAL","7","WR62","143","176","198","196","","178.3"
"172","Kenny Pickett","PIT","6","QB23","161","189","183","182","","178.8"
"173","New Orleans Saints","NO","11","DST11","116","231","170","200","","179.3"
"174","Kyler Murray","ARI","14","QB24","180","168","182","187","","179.3"
"175","Graham Gano","NYG","13","K9","126","228","97","268","","179.8"
"176","Jonathan Mingo","CAR","7","WR63","212","144","195","180","","182.8"
"177","Rashee Rice","KC","10","WR64","201","139","218","174","","183.0"
"178","Jaylen Warren","PIT","6","RB51","194","173","242","128","","184.3"
"179","K.J. Osborn","MIN","13","WR65","162","194","220","163","","184.8"
"180","Tank Bigsby","JAX","9","RB52","218","146","258","119","","185.3"
"181","DJ Chark Jr.","CAR","7","WR66","128","180","228","210","","186.5"
"182","Romeo Doubs","GB","6","WR67","205","166","234","141","","186.5"
"183","Dawson Knox","BUF","13","TE20","181","175","152","238","","186.5"
"184","Cordarrelle Patterson","ATL","11","RB53","204","212","173","157","","186.5"
"185","Jordan Love","GB","6","QB25","188","177","189","198","","188.0"
"186","Mike Gesicki","NE","11","TE21","170","198","194","195","","189.3"
"187","C.J. Stroud","HOU","7","QB26","187","178","184","213","","190.5"
"188","Leonard Fournette","NULL","","RB54","231","203","186","147","","191.8"
"189","Michael Mayer","LV","13","TE22","210","170","211","177","","192.0"
"190","Green Bay Packers","GB","6","DST12","144","229","153","243","","192.3"
"191","Cincinnati Bengals","CIN","7","DST13","179","230","128","233","","192.5"
"192","Seattle Seahawks","SEA","5","DST14","183","184","177","230","","193.5"
"193","Brandon McManus","JAX","9","K10","214","165","193","203","","193.8"
"194","Taysom Hill","NO","11","TE23","196","188","175","228","","196.8"
"195","Matt Gay","IND","11","K11","155","185","171","281","","198.0"
"196","Denver Broncos","DEN","9","DST15","197","233","172","212","","203.5"
"197","Clyde Edwards-Helaire","KC","10","RB55","241","196","204","179","","205.0"
"198","Irv Smith Jr.","CIN","7","TE24","215","179","249","178","","205.3"
"199","Chuba Hubbard","CAR","7","RB56","213","204","253","154","","206.0"
"200","Greg Zuerlein","NYJ","7","K12","178","","145","204","","175.7"
"201","Washington Commanders","WAS","14","DST16","189","235","179","227","","207.5"
"202","Marquez Valdes-Scantling","KC","10","WR68","182","215","215","220","","208.0"
"203","Jacksonville Jaguars","JAX","9","DST17","237","269","159","170","","208.8"
"204","Cameron Dicker","LAC","5","K13","184","234","232","193","","210.8"
"205","Jake Moody","SF","9","K14","190","232","212","218","","213.0"
"206","Cleveland Browns","CLE","5","DST18","147","","191","222","","186.7"
"207","Zach Ertz","ARI","14","TE25","206","217","199","240","","215.5"
"208","Gus Edwards","BAL","13","RB57","220","210","268","169","","216.8"
"209","Jason Sanders","MIA","10","K15","242","182","196","249","","217.3"
"210","Sam Howell","WAS","14","QB27","250","218","187","214","","217.3"
"211","Hayden Hurst","CAR","7","TE26","209","207","217","237","","217.5"
"212","Hunter Renfrow","LV","13","WR69","193","206","241","234","","218.5"
"213","Donovan Peoples-Jones","CLE","5","WR70","","202","235","139","","192.0"
"214","Kareem Hunt","CLE","","RB58","257","209","286","127","","219.8"
"215","Tyler Conklin","NYJ","7","TE27","186","243","208","244","","220.3"
"216","Jayden Reed","GB","6","WR71","229","200","240","216","","221.3"
"217","Jimmy Garoppolo","LV","13","QB28","192","238","207","250","","221.8"
"218","Roschon Johnson","CHI","13","RB59","","171","269","151","","197.0"
"219","Eddy Pineiro","CAR","7","K16","177","","129","","","153.0"
"220","Hunter Henry","NE","11","TE28","226","255","216","211","","227.0"
"221","Justyn Ross","KC","10","WR72","208","205","276","221","","227.5"
"222","John Metchie III","HOU","7","WR73","211","192","","209","","204.0"
"223","Nick Folk","NE","11","K17","255","270","91","","","205.3"
"224","Mac Jones","NE","11","QB29","224","242","214","236","","229.0"
"225","Curtis Samuel","WAS","14","WR74","236","211","225","246","","229.5"
"226","New York Giants","NYG","13","DST19","222","","146","261","","209.7"
"227","Kenneth Gainwell","PHI","10","RB60","","223","248","158","","209.7"
"228","Tyjae Spears","TEN","7","RB61","","199","272","164","","211.7"
"229","Minnesota Vikings","MIN","13","DST20","219","","192","224","","211.7"
"230","Chase Claypool","CHI","13","WR75","171","241","261","262","","233.8"
"231","Detroit Lions","DET","9","DST21","207","","190","241","","212.7"
"232","Los Angeles Chargers","LAC","5","DST22","223","","165","251","","213.0"
"233","Greg Joseph","MIN","13","K18","216","","164","263","","214.3"
"234","Deuce Vaughn","DAL","7","RB62","230","236","209","275","","237.5"
"235","Jerome Ford","CLE","5","RB63","","193","","160","","176.5"
"236","Luke Musgrave","GB","6","TE29","247","222","213","272","","238.5"
"237","Alec Pierce","IND","11","WR76","","197","270","191","","219.3"
"238","Tampa Bay Buccaneers","TB","5","DST23","172","","219","269","","220.0"
"239","Noah Fant","SEA","5","TE30","243","248","210","259","","240.0"
"240","Chase Brown","CIN","7","RB64","","190","290","185","","221.7"
"241","Parris Campbell","NYG","13","WR77","","214","267","186","","222.3"
"242","Jake Ferguson","DAL","7","TE31","227","239","237","267","","242.5"
"243","Michael Carter","NYJ","7","RB65","","253","244","175","","224.0"
"244","Isaiah Hodgins","NYG","13","WR78","286","216","254","219","","243.8"
"245","Ryan Tannehill","TEN","7","QB30","240","247","257","232","","244.0"
"246","Chris Boswell","PIT","6","K19","202","","181","","","191.5"
"247","Riley Patterson","DET","9","K20","249","","136","","","192.5"
"248","Rashid Shaheed","NO","11","WR79","","195","285","205","","228.3"
"249","Zamir White","LV","13","RB66","","213","","181","","197.0"
"250","DeVante Parker","NE","11","WR80","","250","226","229","","235.0"
"251","Marvin Mims Jr.","DEN","9","WR81","","208","291","207","","235.3"
"252","Wil Lutz","NO","11","K21","235","","197","277","","236.3"
"253","Chicago Bears","CHI","13","DST24","217","","223","273","","237.7"
"254","Mecole Hardman Jr.","NYJ","7","WR82","261","249","262","245","","254.3"
"255","Van Jefferson","LAR","10","WR83","","201","","217","","209.0"
"256","Tank Dell","HOU","7","WR84","","221","265","235","","240.3"
"257","Los Angeles Rams","LAR","10","DST25","232","","200","","","216.0"
"258","Carolina Panthers","CAR","7","DST26","221","","222","","","221.5"
"259","Wan'Dale Robinson","NYG","13","WR85","","224","","223","","223.5"
"260","Tim Patrick","DEN","9","WR86","478","256","","194","","309.3"
"261","Joshua Kelley","LAC","5","RB67","","268","","184","","226.0"
"262","Baker Mayfield","TB","5","QB31","245","262","246","","","251.0"
"263","Tennessee Titans","TEN","7","DST27","225","","230","","","227.5"
"264","Tristan Vizcaino","NULL","","K22","239","","264","252","","251.7"
"265","Cade York","CLE","5","K23","244","","233","279","","252.0"
"266","Las Vegas Raiders","LV","13","DST28","228","","236","","","232.0"
"267","Trey Lance","SF","9","QB32","351","227","238","","","272.0"
"268","Zach Evans","LAR","10","RB68","","251","","215","","233.0"
"269","Brett Maher","DEN","9","K24","174","","","","","174.0"
"270","Matt Prater","ARI","14","K25","260","271","243","","","258.0"
"271","Indianapolis Colts","IND","11","DST29","254","","221","","","237.5"
"272","Isaiah Likely","BAL","13","TE32","","240","260","278","","259.3"
"273","Michael Badgley","WAS","14","K26","477","","178","","","327.5"
"274","Chase McLaughlin","TB","5","K27","279","","203","","","241.0"
"275","Darius Slayton","NYG","13","WR87","","254","255","274","","261.0"
"276","Atlanta Falcons","ATL","11","DST30","253","","231","","","242.0"
"277","Ty Chandler","MIN","13","RB69","","237","","247","","242.0"
"278","Darnell Washington","PIT","6","TE33","238","275","273","","","262.0"
"279","Jelani Woods","IND","11","TE34","266","260","277","283","","271.5"
"280","Desmond Ridder","ATL","11","QB33","292","244","251","","","262.3"
"281","Chase Edmonds","TB","5","RB70","","285","","206","","245.5"
"282","Cade Otton","TB","5","TE35","","257","278","257","","264.0"
"283","Cairo Santos","CHI","13","K28","195","","","","","195.0"
"284","Josh Downs","IND","11","WR88","","219","","276","","247.5"
"285","Robert Woods","HOU","7","WR89","","220","294","282","","265.3"
"286","Deon Jackson","IND","11","RB71","","","","197","","197.0"
"287","Logan Thomas","WAS","14","TE36","259","277","279","285","","275.0"
"288","Pierre Strong Jr.","NE","11","RB72","","246","","258","","252.0"
"289","Zack Moss","IND","11","RB73","","276","","231","","253.5"
"290","Trey McBride","ARI","14","TE37","","225","","284","","254.5"
"291","Latavius Murray","BUF","13","RB74","","","256","253","","254.5"
"292","Arizona Cardinals","ARI","14","DST31","265","","247","","","256.0"
"293","Israel Abanikanda","NYJ","7","RB75","359","226","","287","","290.7"
"294","Terrace Marshall Jr.","CAR","7","WR90","","261","","256","","258.5"
"295","Richie James Jr.","KC","10","WR91","302","278","","239","","273.0"
"296","Kenny McIntosh","SEA","5","RB76","256","","","264","","260.0"
"297","Kyle Juszczyk","SF","9","RB77","270","","252","","","261.0"
"298","Evan Hull","IND","11","RB78","","272","","254","","263.0"
"299","Joshua Palmer","LAC","5","WR92","","282","297","248","","275.7"
"300","Anders Carlson","GB","6","K29","246","","283","","","264.5"
"301","Marvin Jones Jr.","DET","9","WR93","","265","266","","","265.5"
"302","Allen Robinson II","PIT","6","WR94","","263","","270","","266.5"
"303","Tom Brady","NULL","","QB34","234","","","","","234.0"
"304","DeWayne McBride","MIN","13","RB79","319","245","","291","","285.0"
"305","Ka'imi Fairbairn","HOU","7","K30","313","","239","","","276.0"
"306","Jarvis Landry","NULL","","WR95","","","","242","","242.0"
"307","Houston Texans","HOU","7","DST32","298","","245","","","271.5"
"308","Chad Ryland","NE","11","K31","252","","295","","","273.5"
"309","Christopher Dunn","NULL","","K32","248","","","","","248.0"
"310","James Robinson","NYG","13","RB80","425","287","263","","","325.0"
"311","Ben Roethlisberger","NULL","","QB35","251","","","","","251.0"
"312","Khalil Shakir","BUF","13","WR96","","252","","","","252.0"
"313","Deneric Prince","KC","10","RB81","355","","","255","","305.0"
"314","Keaontay Ingram","ARI","14","RB82","","264","","292","","278.0"
"315","Trace McSorley","NE","11","QB36","258","","","","","258.0"
"316","Tyquan Thornton","NE","11","WR97","","258","","","","258.0"
"317","Robert Tonyan","CHI","13","TE38","299","","259","","","279.0"
"318","Puka Nacua","LAR","10","WR98","","259","","","","259.0"
"319","Dustin Hopkins","LAC","5","K33","277","","282","","","279.5"
"320","Joey Slye","WAS","14","K34","271","","289","","","280.0"
"321","Malik Davis","DAL","7","RB83","","274","","286","","280.0"
"322","Quez Watkins","PHI","10","WR99","276","","284","","","280.0"
"323","Kenyan Drake","IND","11","RB84","365","","","260","","312.5"
"324","Matt Breida","NYG","13","RB85","","273","","288","","280.5"
"325","Rodrigo Blankenship","TB","5","K35","262","","","","","262.0"
"326","Rob Gronkowski","NULL","","TE39","263","","","","","263.0"
"327","Jermar Jefferson","DET","9","RB86","264","","","","","264.0"
"328","D'Ernest Johnson","JAX","9","RB87","","","","265","","265.0"
"329","Eric Gray","NYG","13","RB88","316","266","","","","291.0"
"330","Jordan Mason","SF","9","RB89","322","","","266","","294.0"
"331","Bryce Perkins","NULL","","QB37","267","","","","","267.0"
"332","Michael Wilson","ARI","14","WR100","","267","","","","267.0"
"333","Kyren Williams","LAR","10","RB90","","296","","271","","283.5"
"334","Antonio Brown","NULL","","WR101","268","","","","","268.0"
"335","Chris Naggar","NULL","","K36","269","","","","","269.0"
"336","Jimmy Graham","NO","11","TE40","272","","","","","272.0"
"337","Mason Crosby","NULL","","K37","273","","","","","273.0"
"338","Daniel Bellinger","NYG","13","TE41","280","","293","","","286.5"
"339","Marcus Mariota","PHI","10","QB38","274","","","","","274.0"
"340","Sean Tucker","TB","5","RB91","446","284","","290","","340.0"
"341","Stetson Bennett","LAR","10","QB39","275","","","","","275.0"
"342","Corey Davis","NYJ","7","WR102","","283","292","","","287.5"
"343","Noah Gray","KC","10","TE42","287","","288","","","287.5"
"344","Nick Sciba","NULL","","K38","278","","","","","278.0"
"345","Mack Hollins","ATL","11","WR103","","279","","","","279.0"
"346","Luke Schoonmaker","DAL","7","TE43","288","291","","","","289.5"
"347","Melvin Gordon III","BAL","13","RB92","","","","280","","280.0"
"348","Will Dissly","SEA","5","TE44","","","280","","","280.0"
"349","Greg Dortch","ARI","14","WR104","","280","","","","280.0"
"350","Robbie Gould","NULL","","K39","281","","","","","281.0"
"351","Calvin Austin III","PIT","6","WR105","282","","299","","","290.5"
"352","Boston Scott","PHI","10","RB93","323","","281","","","302.0"
"353","Cedric Tillman","CLE","5","WR106","341","281","","","","311.0"
"354","Tucker Kraft","GB","6","TE45","283","","","","","283.0"
"355","Durham Smythe","MIA","10","TE46","284","","","","","284.0"
"356","Josh Reynolds","DET","9","WR107","296","288","","","","292.0"
"357","Tanner Brown","LAR","10","K40","285","","","","","285.0"
"358","Trayveon Williams","CIN","7","RB94","","286","","","","286.0"
"359","Isaiah McKenzie","IND","11","WR108","","299","287","","","293.0"
"360","Justin Watson","KC","10","WR109","289","","","","","289.0"
"361","Ke'Shawn Vaughn","TB","5","RB95","","","","289","","289.0"
"362","Xavier Hutchinson","HOU","7","WR110","","289","","","","289.0"
"363","Randall Cobb","NYJ","7","WR111","290","","","","","290.0"
"364","Will Levis","TEN","7","QB40","326","290","","","","308.0"
"365","Carson Strong","NULL","","QB41","291","","","","","291.0"
"366","Russell Gage","TB","5","WR112","","292","","","","292.0"
"367","Foster Moreau","NO","11","TE47","","293","","","","293.0"
"368","Zach Wilson","NYJ","7","QB42","293","","","","","293.0"
"369","Hendon Hooker","DET","9","QB43","294","","","","","294.0"
"370","Kayshon Boutte","NE","11","WR113","417","294","","","","355.5"
"371","Austin Hooper","LV","13","TE48","","295","","","","295.0"
"372","Ray-Ray McCloud III","SF","9","WR114","295","","","","","295.0"
"373","Jauan Jennings","SF","9","WR115","","","296","","","296.0"
"374","Cam Newton","NULL","","QB44","297","","","","","297.0"
"375","Ronald Jones II","DAL","7","RB96","","297","","","","297.0"
"376","Sterling Shepard","NYG","13","WR116","","","298","","","298.0"
"377","Isaiah Spiller","LAC","5","RB97","","298","","","","298.0"
"378","Olamide Zaccheaus","PHI","10","WR117","300","","","","","300.0"
"379","Connor Heyward","PIT","6","TE49","301","","","","","301.0"
"380","Trenton Irwin","CIN","7","WR118","303","","","","","303.0"
"381","Binjimen Victor","NULL","","WR119","304","","","","","304.0"
"382","Brock Wright","DET","9","TE50","305","","","","","305.0"
"383","River Cracraft","MIA","10","WR120","306","","","","","306.0"
"384","Dontayvion Wicks","GB","6","WR121","307","","","","","307.0"
"385","Sean Clifford","GB","6","QB45","308","","","","","308.0"
"386","KaVontae Turpin","DAL","7","WR122","309","","","","","309.0"
"387","Roger Carter Jr.","NULL","","TE51","310","","","","","310.0"
"388","Drew Lock","SEA","5","QB46","311","","","","","311.0"
"389","Robbie Chosen","MIA","10","WR123","312","","","","","312.0"
"390","Cole Beasley","NYG","13","WR124","314","","","","","314.0"
"391","Peyton Hendershot","DAL","7","TE52","315","","","","","315.0"
"392","Cooper Rush","DAL","7","QB47","317","","","","","317.0"
"393","Julio Jones","NULL","","WR125","318","","","","","318.0"
"394","Ben DiNucci","DEN","9","QB48","320","","","","","320.0"
"395","Kalif Raymond","DET","9","WR126","321","","","","","321.0"
"396","Chris Evans","CIN","7","RB98","324","","","","","324.0"
"397","Lirim Hajrullahu","NULL","","K41","325","","","","","325.0"
"398","Adrian Peterson","NULL","","RB99","327","","","","","327.0"
"399","Dee Eskridge","SEA","5","WR127","328","","","","","328.0"
"400","Mitch Trubisky","PIT","6","QB49","329","","","","","329.0"
"401","James McCourt","JAX","9","K42","330","","","","","330.0"
"402","Caleb Shudak","TEN","7","K43","331","","","","","331.0"
"403","Mike White","MIA","10","QB50","332","","","","","332.0"
"404","Dan Arnold","PHI","10","TE53","333","","","","","333.0"
"405","Kurt Benkert","NULL","","QB51","334","","","","","334.0"
"406","Charlie Jones","CIN","7","WR128","335","","","","","335.0"
"407","Jameis Winston","NO","11","QB52","336","","","","","336.0"
"408","Matt Barkley","BUF","13","QB53","337","","","","","337.0"
"409","Deonte Harty","BUF","13","WR129","338","","","","","338.0"
"410","Scott Miller","ATL","11","WR130","339","","","","","339.0"
"411","Devin Duvernay","BAL","13","WR131","380","","300","","","340.0"
"412","Zane Gonzalez","SF","9","K44","340","","","","","340.0"
"413","C.J. Uzomah","NYJ","7","TE54","342","","","","","342.0"
"414","Derek Watt","NULL","","RB100","343","","","","","343.0"
"415","DeeJay Dallas","SEA","5","RB101","344","","","","","344.0"
"416","Cedrick Wilson Jr.","MIA","10","WR132","345","","","","","345.0"
"417","Trevor Siemian","CIN","7","QB54","346","","","","","346.0"
"418","Keith Kirkwood","NO","11","WR133","347","","","","","347.0"
"419","Denzel Mims","DET","9","WR134","348","","","","","348.0"
"420","Alec Ingold","MIA","10","RB102","349","","","","","349.0"
"421","Bailey Zappe","NE","11","QB55","350","","","","","350.0"
"422","Stanley Berryhill III","DET","9","WR135","352","","","","","352.0"
"423","D'Vonte Price","NULL","","RB103","353","","","","","353.0"
"424","Equanimeous St. Brown","CHI","13","WR136","354","","","","","354.0"
"425","Joshua Dobbs","CLE","5","QB56","356","","","","","356.0"
"426","Samori Toure","GB","6","WR137","357","","","","","357.0"
"427","Trey Sermon","PHI","10","RB104","358","","","","","358.0"
"428","Jalen Tolbert","DAL","7","WR138","360","","","","","360.0"
"429","Tyrod Taylor","NYG","13","QB57","361","","","","","361.0"
"430","J.J. Taylor","NE","11","RB105","362","","","","","362.0"
"431","Tyrion Davis-Price","SF","9","RB106","363","","","","","363.0"
"432","Drew Sample","CIN","7","TE55","364","","","","","364.0"
"433","Matt Ryan","NULL","","QB58","366","","","","","366.0"
"434","Myles Gaskin","MIA","10","RB107","367","","","","","367.0"
"435","Mo Alie-Cox","IND","11","TE56","368","","","","","368.0"
"436","Brycen Hopkins","LAR","10","TE57","369","","","","","369.0"
"437","Tyler Huntley","BAL","13","QB59","370","","","","","370.0"
"438","Le'Veon Bell","NULL","","RB108","371","","","","","371.0"
"439","Jarrett Stidham","DEN","9","QB60","372","","","","","372.0"
"440","Britain Covey","PHI","10","WR139","373","","","","","373.0"
"441","Dareke Young","SEA","5","WR140","374","","","","","374.0"
"442","Justin Shorter","BUF","13","WR141","375","","","","","375.0"
"443","Tre' McKitty","LAC","5","TE58","376","","","","","376.0"
"444","Gunner Olszewski","PIT","6","WR142","377","","","","","377.0"
"445","Harrison Bryant","CLE","5","TE59","378","","","","","378.0"
"446","Josh Oliver","MIN","13","TE60","379","","","","","379.0"
"447","Craig Reynolds","DET","9","RB109","381","","","","","381.0"
"448","Ryan Fitzpatrick","NULL","","QB61","382","","","","","382.0"
"449","Mataeo Durant","NULL","","RB110","383","","","","","383.0"
"450","C.J. Ham","MIN","13","RB111","384","","","","","384.0"
"451","Hakeem Butler","PIT","6","WR143","385","","","","","385.0"
"452","David Moore","TB","5","WR144","386","","","","","386.0"
"453","Wendell Smallwood","NULL","","RB112","387","","","","","387.0"
"454","Shi Smith","CAR","7","WR145","388","","","","","388.0"
"455","Colby Parkinson","SEA","5","TE61","389","","","","","389.0"
"456","Andy Isabella","BUF","13","WR146","390","","","","","390.0"
"457","Jonnu Smith","ATL","11","TE62","391","","","","","391.0"
"458","Velus Jones Jr.","CHI","13","WR147","392","","","","","392.0"
"459","Josiah Deguara","GB","6","TE63","393","","","","","393.0"
"460","Jalen Wydermyer","NULL","","TE64","394","","","","","394.0"
"461","Justice Hill","BAL","13","RB113","395","","","","","395.0"
"462","Blake Bell","KC","10","TE65","396","","","","","396.0"
"463","Nelson Agholor","BAL","13","WR148","397","","","","","397.0"
"464","Andy Dalton","CAR","7","QB62","398","","","","","398.0"
"465","Jason Brownlee","NYJ","7","WR149","399","","","","","399.0"
"466","Caleb Huntley","NULL","","RB114","400","","","","","400.0"
"467","Cameron Latu","SF","9","TE66","401","","","","","401.0"
"468","Tyler Scott","CHI","13","WR150","402","","","","","402.0"
"469","Brandon Powell","MIN","13","WR151","403","","","","","403.0"
"470","P.J. Walker","CHI","13","QB63","404","","","","","404.0"
"471","Nathan Peterman","CHI","13","QB64","405","","","","","405.0"
"472","Jeremy Ruckert","NYJ","7","TE67","406","","","","","406.0"
"473","Trent Taylor","CIN","7","WR152","407","","","","","407.0"
"474","Kyle Allen","BUF","13","QB65","408","","","","","408.0"
"475","Josh Johnson","BAL","13","QB66","409","","","","","409.0"
"476","Kyle Philips","TEN","7","WR153","410","","","","","410.0"
"477","Armani Rogers","WAS","14","TE68","411","","","","","411.0"
"478","John Bates","WAS","14","TE69","412","","","","","412.0"
"479","Mitchell Wilcox","CIN","7","TE70","413","","","","","413.0"
"480","Zander Horvath","LAC","5","RB115","414","","","","","414.0"
"481","Ryan Succop","NULL","","K45","415","","","","","415.0"
"482","Adam Trautman","DEN","9","TE71","416","","","","","416.0"
"483","Abram Smith","MIN","13","RB116","419","","","","","419.0"
"484","Malik Willis","TEN","7","QB67","420","","","","","420.0"
"485","Elliott Fry","DEN","9","K46","421","","","","","421.0"
"486","Nakia Griffin-Stewart","NULL","","TE72","422","","","","","422.0"
"487","Jody Fortson","KC","10","TE73","423","","","","","423.0"
"488","Skylar Thompson","MIA","10","QB68","424","","","","","424.0"
"489","Kendall Hinton","DEN","9","WR154","426","","","","","426.0"
"490","Tyler Kroft","MIA","10","TE74","427","","","","","427.0"
"491","Albert Okwuegbunam","DEN","9","TE75","428","","","","","428.0"
"492","James Mitchell","DET","9","TE76","429","","","","","429.0"
"493","Trent Sherfield","BUF","13","WR155","430","","","","","430.0"
"494","Chris Conley","SF","9","WR156","431","","","","","431.0"
"495","Michael Burton","DEN","9","RB117","432","","","","","432.0"
"496","Darrell Henderson Jr.","NULL","","RB118","433","","","","","433.0"
"497","Jared Bernhardt","NULL","","WR157","434","","","","","434.0"
"498","Matthew Slater","NE","11","WR158","435","","","","","435.0"
"499","Jack Stoll","PHI","10","TE77","436","","","","","436.0"
"500","C.J. Beathard","JAX","9","QB69","437","","","","","437.0"
"501","Danny Gray","SF","9","WR159","438","","","","","438.0"
"502","Dyami Brown","WAS","14","WR160","439","","","","","439.0"
"503","Demario Douglas","NE","11","WR161","440","","","","","440.0"
"504","Darwin Thompson","NULL","","RB119","441","","","","","441.0"
"505","T.J. Vasher","NULL","","WR162","442","","","","","442.0"
"506","Patrick Taylor Jr.","GB","6","RB120","443","","","","","443.0"
"507","Justin Rohrwasser","NULL","","K47","444","","","","","444.0"
"508","Dare Ogunbowale","HOU","7","RB121","445","","","","","445.0"
"509","Noah Brown","HOU","7","WR163","447","","","","","447.0"
"510","Racey McMath","TEN","7","WR164","448","","","","","448.0"
"511","Laquon Treadwell","BAL","13","WR165","449","","","","","449.0"
"512","Anthony McFarland Jr.","PIT","6","RB122","450","","","","","450.0"
"513","Payne Durham","TB","5","TE78","451","","","","","451.0"
"514","Tyler Badie","DEN","9","RB123","452","","","","","452.0"
"515","Byron Pringle","WAS","14","WR166","453","","","","","453.0"
"516","Paul Quessenberry","NULL","","TE79","454","","","","","454.0"
"517","Lew Nichols III","GB","6","RB124","455","","","","","455.0"
"518","Carson Wentz","NULL","","QB70","456","","","","","456.0"
"519","Mike Glennon","NULL","","QB71","457","","","","","457.0"
"520","Joe Flacco","NULL","","QB72","458","","","","","458.0"
"521","Jake Funk","IND","11","RB125","459","","","","","459.0"
"522","Jonathan Garibay","NULL","","K48","460","","","","","460.0"
"523","Ryquell Armstead","NULL","","RB126","461","","","","","461.0"
"524","Steven Sims Jr.","HOU","7","WR167","462","","","","","462.0"
"525","Eric Saubert","MIA","10","TE80","463","","","","","463.0"
"526","Blaine Gabbert","KC","10","QB73","464","","","","","464.0"
"527","Salvon Ahmed","MIA","10","RB127","466","","","","","466.0"
"528","Jalen Reagor","MIN","13","WR168","467","","","","","467.0"
"529","Anthony Brown","BAL","13","QB74","468","","","","","468.0"
"530","Larry Rountree III","LAC","5","RB128","469","","","","","469.0"
"531","Easton Stick","LAC","5","QB75","470","","","","","470.0"
"532","John Ross","NULL","","WR169","471","","","","","471.0"
"533","Dorian Thompson-Robinson","CLE","5","QB76","472","","","","","472.0"
"534","Chris Moore","TEN","7","WR170","473","","","","","473.0"
"535","Johnny Mundt","MIN","13","TE81","474","","","","","474.0"
"536","Dante Pettis","CHI","13","WR171","475","","","","","475.0"
"537","Daurice Fountain","CHI","13","WR172","476","","","","","476.0"
"538","Elijah Higgins","MIA","10","TE82","479","","","","","479.0"
"539","Nick Mullens","MIN","13","QB77","480","","","","","480.0"
"540","Max Duggan","LAC","5","QB78","481","","","","","481.0"
"541","Nate McCrary","GB","6","RB129","482","","","","","482.0"
"542","Marquez Callaway","DEN","9","WR173","483","","","","","483.0"
"543","Tre'Quan Smith","NO","11","WR174","484","","","","","484.0"
"544","Freddie Swain","MIA","10","WR175","485","","","","","485.0"
"545","Ty'Son Williams","ARI","14","RB130","486","","","","","486.0"
"546","Grant DuBose","GB","6","WR176","487","","","","","487.0"
"547","Tommy Tremble","CAR","7","TE83","488","","","","","488.0"
"548","Ian Book","PHI","10","QB79","489","","","","","489.0"
"549","Mason Rudolph","PIT","6","QB80","490","","","","","490.0"
"550","Keith Smith","ATL","11","RB131","491","","","","","491.0"
"551","Anthony Gordon","NULL","","QB81","492","","","","","492.0"
"552","Lawrence Cager","NYG","13","WR177","493","","","","","493.0"
"553","Lil'Jordan Humphrey","DEN","9","WR178","494","","","","","494.0"
"554","James Morgan","NULL","","QB82","495","","","","","495.0"
"555","David Bell","CLE","5","WR179","496","","","","","496.0"
"556","Tre Tucker","LV","13","WR180","497","","","","","497.0"
"557","Patrick Ricard","BAL","13","RB132","498","","","","","498.0"
"558","Josh Lambo","NULL","","K49","499","","","","","499.0"
"559","KhaDarel Hodge","ATL","11","WR181","500","","","","","500.0"