"Patrick Mahomes II","KC","QB","415.8","24.5","17","435","5250","41","12","61","358","4","0","1","1","6","0"
"Josh Allen","BUF","QB","395.5","24.7","16","359","4283","35","14","124","762","7","5","0","0","0","0"
"Jalen Hurts","PHI","QB","378","25.2","15","306","3701","22","6","165","760","13","2","0","0","0","0"
"Austin Ekeler","LAC","RB","372.7","21.9","17","0","0","0","0","204","915","13","3","128","107","722","5"
"Justin Jefferson","MIN","WR","367.3","21.6","17","2","34","0","0","4","24","1","0","184","128","1809","8"
"Christian McCaffrey","CAR","RB","351","20.6","17","1","34","1","0","244","1139","8","0","108","85","741","5"
"Joe Burrow","CIN","QB","350.7","21.9","16","414","4475","35","12","75","257","5","3","0","0","0","0"
"Tyreek Hill","MIA","WR","347.2","20.4","17","0","0","0","0","7","32","2","0","170","119","1710","7"
"Davante Adams","LV","WR","335.5","19.7","17","0","0","0","0","3","-1","0","0","180","100","1516","14"
"Josh Jacobs","LV","RB","328.3","19.3","17","0","0","0","0","340","1653","12","1","65","53","400","0"
"Stefon Diggs","BUF","WR","316.6","19.8","16","0","0","0","0","1","-3","0","0","153","108","1429","11"
"Travis Kelce","KC","TE","316.3","18.6","17","0","0","0","0","2","5","0","1","152","110","1338","12"
"Geno Smith","SEA","QB","303.9","17.9","17","399","4282","30","11","68","366","1","4","0","0","0","0"
"CeeDee Lamb","DAL","WR","301.6","17.7","17","0","0","0","0","10","47","0","0","156","107","1359","9"
"A.J. Brown","PHI","WR","299.6","17.6","17","0","0","0","0","0","0","0","2","146","88","1496","11"
"Derrick Henry","TEN","RB","298.6","18.7","16","2","4","1","0","349","1538","13","3","41","33","398","0"
"Justin Fields","CHI","QB","296","19.7","15","192","2242","17","11","160","1143","8","2","0","0","0","0"
"Trevor Lawrence","JAX","QB","295.6","17.4","17","387","4113","25","8","62","291","5","9","0","0","0","0"
"Kirk Cousins","MIN","QB","291.6","17.2","17","424","4547","29","14","31","97","2","3","0","0","0","0"
"Daniel Jones","NYG","QB","289","18.1","16","317","3205","15","5","120","708","7","3","0","0","0","0"
"Saquon Barkley","NYG","RB","284","17.8","16","0","0","0","0","295","1312","10","0","76","57","338","0"
"Jared Goff","DET","QB","282.8","16.6","17","382","4438","29","7","29","73","0","4","1","1","5","0"
"Nick Chubb","CLE","RB","281.4","16.6","17","0","0","0","0","302","1525","12","1","37","27","239","1"
"Justin Herbert","LAC","QB","280.3","16.5","17","477","4739","25","10","54","147","0","3","2","2","-10","0"
"Tom Brady","TB","QB","271.7","16","17","490","4694","25","9","29","-1","1","4","1","0","0","0"
"Amon-Ra St. Brown","DET","WR","267.6","16.7","16","0","0","0","0","9","95","0","0","146","106","1161","6"
"Jaylen Waddle","MIA","WR","259.2","15.2","17","0","0","0","0","3","26","0","1","116","75","1356","8"
"DeVonta Smith","PHI","WR","254.6","15","17","0","0","0","0","0","0","0","1","136","95","1196","7"
"Rhamondre Stevenson","NE","RB","249.1","14.7","17","0","0","0","0","210","1040","5","1","89","69","421","1"
"Tony Pollard","DAL","RB","248.8","15.5","16","0","0","0","0","193","1007","9","0","55","39","371","3"
"Aaron Jones","GB","RB","248.6","14.6","17","0","0","0","0","213","1121","2","3","72","59","395","5"
"Amari Cooper","CLE","WR","248","14.6","17","0","0","0","1","0","0","0","0","132","78","1160","9"
"Ja'Marr Chase","CIN","WR","242.4","20.2","12","0","0","0","0","5","8","0","2","134","87","1046","9"
"Christian Kirk","JAX","WR","241.9","14.2","17","0","0","0","0","5","11","0","1","133","84","1108","8"
"Joe Mixon","CIN","RB","239.5","17.1","14","0","0","0","0","210","814","7","0","74","60","441","2"
"Aaron Rodgers","GB","QB","239.2","14.1","17","350","3695","26","12","34","94","1","4","0","0","0","0"
"Dalvin Cook","MIN","RB","237.8","14","17","0","0","0","0","264","1173","8","4","56","39","295","2"
"Tyler Lockett","SEA","WR","237.3","14.8","16","0","0","0","0","0","0","0","2","117","84","1033","9"
"Lamar Jackson","BAL","QB","236.1","19.7","12","203","2242","17","7","112","764","3","2","0","0","0","0"
"Tua Tagovailoa","MIA","QB","230.9","17.8","13","259","3548","25","8","24","70","0","1","0","0","0","0"
"Terry McLaurin","WAS","WR","229","13.5","17","0","0","0","0","7","29","0","0","120","77","1191","5"
"Leonard Fournette","TB","RB","228.1","14.3","16","0","0","0","1","189","668","3","0","83","73","523","3"
"Brandon Aiyuk","SF","WR","227.8","13.4","17","0","0","0","0","2","23","0","1","114","78","1015","8"
"DK Metcalf","SEA","WR","226.8","13.3","17","0","0","0","0","0","0","0","2","141","90","1048","6"
"Jamaal Williams","DET","RB","225.9","13.3","17","0","0","0","0","262","1066","17","2","16","12","73","0"
"Mike Evans","TB","WR","225.4","15","15","0","0","0","0","0","0","0","0","128","77","1124","6"
"Russell Wilson","DEN","QB","224.7","15","15","292","3524","16","11","55","277","3","2","1","1","1","0"
"Najee Harris","PIT","RB","223.7","13.2","17","1","4","0","0","272","1038","7","2","53","41","229","3"
"Chris Godwin","TB","WR","222.8","14.9","15","0","0","0","0","3","5","0","2","142","104","1023","3"
"Tee Higgins","CIN","WR","220.9","13.8","16","0","0","0","0","0","0","0","0","110","74","1029","7"
"Derek Carr","LV","QB","219.1","14.6","15","305","3522","24","14","24","102","0","0","0","0","0","0"
"Miles Sanders","PHI","RB","216.7","12.7","17","0","0","0","0","259","1269","11","2","26","20","78","0"
"Michael Pittman Jr.","IND","WR","216.5","13.5","16","0","0","0","0","3","30","0","1","141","99","925","4"
"Garrett Wilson","NYJ","WR","215.7","12.7","17","0","0","0","0","4","4","0","1","147","83","1103","4"
"T.J. Hockenson","DET","TE","215.4","12.7","17","0","0","0","0","0","0","0","1","129","86","914","6"
"Alvin Kamara","NO","RB","211.8","14.1","15","0","0","0","0","223","898","2","4","77","57","490","2"
"Travis Etienne Jr.","JAX","RB","205.1","12.1","17","0","0","0","0","220","1125","5","3","45","35","316","0"
"Jerry Jeudy","DEN","WR","204.2","13.6","15","0","0","0","0","4","40","0","0","100","67","972","6"
"Kenneth Walker III","SEA","RB","202.6","13.5","15","0","0","0","0","228","1051","9","0","35","27","165","0"
"Cooper Kupp","LAR","WR","201.4","22.4","9","0","0","0","0","9","52","1","1","98","75","812","6"
"Kyler Murray","ARI","QB","200.5","18.2","11","259","2368","14","7","67","418","3","2","0","0","0","0"
"George Kittle","SF","TE","200.5","13.4","15","0","0","0","0","0","0","0","1","86","60","765","11"
"James Conner","ARI","RB","200.2","15.4","13","0","0","0","0","183","782","7","1","58","46","300","1"
"DJ Moore","CAR","WR","199.1","11.7","17","0","0","0","0","10","53","0","0","118","63","888","7"
"Dak Prescott","DAL","QB","198.6","16.6","12","261","2860","23","15","45","182","1","1","0","0","0","0"
"Chris Olave","NO","WR","198.2","13.2","15","0","0","0","0","0","0","0","2","119","72","1042","4"
"Zay Jones","JAX","WR","198.1","12.4","16","0","0","0","0","4","18","0","0","121","82","823","5"
"Marcus Mariota","ATL","QB","196.6","15.1","13","184","2219","15","9","85","438","4","3","0","0","0","0"
"Jerick McKinnon","KC","RB","196.3","11.5","17","0","0","0","0","72","291","1","1","71","56","512","9"
"D'Andre Swift","DET","RB","191.1","13.7","14","0","0","0","0","99","542","5","0","70","48","389","3"
"Mark Andrews","BAL","TE","190.5","12.7","15","0","0","0","0","3","8","0","0","113","73","847","5"
"Ezekiel Elliott","DAL","RB","185.8","12.4","15","0","0","0","0","231","876","12","0","23","17","92","0"
"JuJu Smith-Schuster","KC","WR","185.3","11.6","16","0","0","0","0","0","0","0","2","101","78","933","3"
"Davis Mills","HOU","QB","181.5","12.1","15","292","3118","17","15","32","108","2","3","0","0","0","0"
"Diontae Johnson","PIT","WR","180.7","10.6","17","0","0","0","0","7","25","0","0","147","86","882","0"
"Jakobi Meyers","NE","WR","180.2","12.9","14","0","0","0","0","2","-11","0","2","95","67","803","6"
"Adam Thielen","MIN","WR","180","10.6","17","0","0","0","0","1","4","0","0","107","70","716","6"
"Drake London","ATL","WR","178.6","10.5","17","0","0","0","0","0","0","0","3","117","72","866","4"
"Devin Singletary","BUF","RB","177.9","11.1","16","0","0","0","0","177","819","5","3","53","38","280","1"
"David Montgomery","CHI","RB","177.7","11.1","16","0","0","0","0","201","801","5","2","40","34","316","1"
"Evan Engram","JAX","TE","176.9","10.4","17","0","0","0","0","2","13","0","0","98","73","766","4"
"Mike Williams","LAC","WR","176.5","13.6","13","0","0","0","0","0","0","0","0","93","63","895","4"
"Curtis Samuel","WAS","WR","176.3","10.4","17","0","0","0","0","38","187","1","1","92","64","656","4"
"Allen Lazard","GB","WR","174.8","11.7","15","0","0","0","0","2","0","0","0","100","60","788","6"
"Andy Dalton","NO","QB","174.2","12.4","14","252","2870","18","9","30","54","0","1","0","0","0","0"
"Gabe Davis","BUF","WR","171.6","11.4","15","0","0","0","0","0","0","0","1","92","48","836","7"
"Mac Jones","NE","QB","170","12.1","14","288","2996","14","11","47","102","1","1","0","0","0","0"
"Joshua Palmer","LAC","WR","169.3","10.6","16","0","0","0","0","1","4","0","0","107","72","769","3"
"Jacoby Brissett","CLE","QB","168.6","10.5","16","236","2608","12","6","49","243","2","4","0","0","0","0"
"Deebo Samuel","SF","WR","168.4","13","13","0","0","0","0","42","232","3","2","94","56","632","2"
"Raheem Mostert","MIA","RB","168.3","10.5","16","0","0","0","0","181","891","3","1","42","31","202","2"
"AJ Dillon","GB","RB","167.6","9.9","17","0","0","0","0","186","770","7","0","43","28","206","0"
"George Pickens","PIT","WR","166.5","9.8","17","0","0","0","0","3","24","1","0","85","52","801","4"
"Dameon Pierce","HOU","RB","166.4","12.8","13","0","0","0","0","220","939","4","2","39","30","165","1"
"Tyler Boyd","CIN","WR","166.2","10.4","16","1","23","0","0","0","0","0","0","82","58","762","5"
"Antonio Gibson","WAS","RB","165.9","11.1","15","0","0","0","0","149","546","3","0","58","46","353","2"
"Jimmy Garoppolo","SF","QB","164.8","15","11","207","2437","16","4","23","33","2","2","0","0","0","0"
"Christian Watson","GB","WR","164.1","11.7","14","0","0","0","0","7","80","2","0","65","41","611","7"
"Keenan Allen","LAC","WR","164","16.4","10","0","0","0","0","1","8","0","1","89","66","752","4"
"Ryan Tannehill","TEN","QB","161.2","13.4","12","212","2536","13","6","34","98","2","2","0","0","0","0"
"Donovan Peoples-Jones","CLE","WR","161.1","9.5","17","0","0","0","0","1","2","0","1","96","61","839","3"
"Courtland Sutton","DEN","WR","159.4","10.6","15","0","0","0","0","1","5","0","0","109","64","829","2"
"Tyler Allgeier","ATL","RB","159.4","10","16","0","0","0","0","210","1035","3","0","17","16","139","1"
"Jeff Wilson Jr.","SF","RB","158.5","9.9","16","0","0","0","0","176","860","5","2","37","22","185","1"
"Marquise Brown","ARI","WR","156","13","12","0","0","0","0","1","1","0","0","107","67","709","3"
"K.J. Osborn","MIN","WR","155.6","9.2","17","0","0","0","0","3","6","0","0","90","60","650","5"
"Matt Ryan","IND","QB","155.3","12.9","12","309","3057","14","13","27","70","1","5","0","0","0","0"
"Latavius Murray","NO","RB","154.2","11.9","13","0","0","0","0","171","760","6","0","35","27","132","0"
"Mack Hollins","LV","WR","154","9.1","17","1","4","0","0","4","40","0","0","93","57","690","4"
"Tyler Higbee","LAR","TE","152","8.9","17","0","0","0","0","0","0","0","0","108","72","620","3"
"DeAndre Hopkins","ARI","WR","151.7","16.9","9","0","0","0","0","0","0","0","1","96","64","717","3"
"Kenny Pickett","PIT","QB","149.9","11.5","13","245","2404","7","9","55","237","3","1","0","0","0","0"
"Parris Campbell","IND","WR","149.1","8.8","17","0","0","0","0","5","58","0","0","92","63","623","3"
"Cordarrelle Patterson","ATL","RB","148.7","11.4","13","0","0","0","0","144","695","8","1","31","21","122","0"
"Pat Freiermuth","PIT","TE","148.2","9.3","16","0","0","0","0","0","0","0","0","98","63","732","2"
"Cole Kmet","CHI","TE","147.3","8.7","17","0","0","0","0","2","9","0","0","69","50","544","7"
"Jonathan Taylor","IND","RB","146.4","13.3","11","0","0","0","0","192","861","4","3","40","28","143","0"
"Brandin Cooks","HOU","WR","145.6","11.2","13","0","0","0","0","2","7","0","0","93","57","699","3"
"Dalton Schultz","DAL","TE","142.7","9.5","15","0","0","0","0","0","0","0","1","89","57","577","5"
"Samaje Perine","CIN","RB","142.1","8.9","16","0","0","0","0","95","394","2","0","51","38","287","4"
"David Njoku","CLE","TE","142","10.1","14","0","0","0","0","2","-8","0","1","80","58","628","4"
"Cam Akers","LAR","RB","141.3","9.4","15","0","0","0","0","188","786","7","2","18","13","117","0"
"Dallas Goedert","PHI","TE","141.2","11.8","12","0","0","0","0","0","0","0","1","68","55","702","3"
"Gerald Everett","LAC","TE","139.5","8.7","16","0","0","0","0","1","0","0","0","87","58","555","4"
"Rachaad White","TB","RB","139.1","8.2","17","0","0","0","0","129","481","1","3","58","50","290","2"
"Dawson Knox","BUF","TE","135.7","9","15","0","0","0","0","0","0","0","0","65","48","517","6"
"Isiah Pacheco","KC","RB","135","7.9","17","0","0","0","0","170","830","5","2","14","13","130","0"
"Juwan Johnson","NO","TE","134.8","8.4","16","0","0","0","0","0","0","0","0","65","42","508","7"
"Richie James","NYG","WR","132.5","7.8","17","0","0","0","0","2","6","0","3","71","57","569","4"
"Tyler Conklin","NYJ","TE","131.5","7.7","17","0","0","0","0","2","3","0","0","87","58","552","3"
"D'Onta Foreman","CAR","RB","131","7.7","17","0","0","0","0","203","914","5","0","9","5","26","0"
"Jahan Dotson","WAS","WR","130.6","10.9","12","0","0","0","0","2","-7","0","0","61","35","523","7"
"Darius Slayton","NYG","WR","128.4","8","16","0","0","0","0","0","0","0","1","71","46","724","2"
"Taysom Hill","NO","TE","128.1","8","16","13","240","2","0","96","575","7","0","13","9","76","2"
"Kareem Hunt","CLE","RB","126.8","7.5","17","0","0","0","0","123","468","3","0","44","35","210","1"
"Michael Carter","NYJ","RB","126","7.9","16","0","0","0","0","114","402","3","1","54","41","288","0"
"Russell Gage","TB","WR","123.6","9.5","13","0","0","0","0","0","0","0","1","70","51","426","5"
"Noah Fant","SEA","TE","122.6","7.2","17","0","0","0","0","0","0","0","0","63","50","486","4"
"Marquez Valdes-Scantling","KC","WR","122.4","7.2","17","0","0","0","0","1","-3","0","0","81","42","687","2"
"Baker Mayfield","CAR","QB","121.4","10.1","12","201","2163","10","8","31","89","1","2","0","0","0","0"
"Isaiah McKenzie","BUF","WR","119.8","8","15","0","0","0","0","9","55","1","0","66","42","423","4"
"Khalil Herbert","CHI","RB","117.9","9.1","13","0","0","0","0","129","732","4","0","12","9","57","1"
"Marvin Jones Jr.","JAX","WR","116.9","7.3","16","0","0","0","0","0","0","0","0","81","46","529","3"
"Jordan Akins","HOU","TE","116.5","7.8","15","0","0","0","0","0","0","0","1","54","37","495","5"
"Taylor Heinicke","WAS","QB","116","12.9","9","161","1859","12","6","28","96","1","5","0","0","0","0"
"Robert Woods","TEN","WR","115.7","6.8","17","0","0","0","0","0","0","0","1","90","53","527","2"
"Zach Ertz","ARI","TE","115.6","11.6","10","0","0","0","0","0","0","0","0","69","47","406","4"
"Chris Moore","HOU","WR","115.1","7.2","16","0","0","0","0","3","3","0","0","75","48","548","2"
"Breece Hall","NYJ","RB","115.1","16.4","7","0","0","0","0","80","463","4","1","31","19","218","1"
"Noah Brown","DAL","WR","114.5","7.2","16","0","0","0","0","0","0","0","1","73","43","555","3"
"Greg Dortch","ARI","WR","113.1","7.1","16","0","0","0","0","7","44","0","1","64","52","467","2"
"Carson Wentz","WAS","QB","112.8","14.1","8","172","1755","11","9","22","86","1","1","0","0","0","0"
"Brian Robinson","WAS","RB","112.7","9.4","12","0","0","0","0","205","797","2","0","12","9","60","1"
"DeAndre Carter","LAC","WR","112.3","6.6","17","0","0","0","0","2","-15","0","2","65","46","538","3"
"Alec Pierce","IND","WR","112.3","7","16","0","0","0","0","0","0","0","0","77","41","593","2"
"Robert Tonyan","GB","TE","112","6.6","17","0","0","0","0","0","0","0","0","67","53","470","2"
"Kalif Raymond","DET","WR","110.2","6.5","17","0","0","0","0","7","36","0","1","64","47","616","0"
"Devin Duvernay","BAL","WR","110.1","7.9","14","0","0","0","0","12","84","1","0","49","37","407","3"
"Olamide Zaccheaus","ATL","WR","110","6.5","17","0","0","0","0","2","7","0","1","61","40","533","3"
"Matthew Stafford","LAR","QB","108.4","12","9","206","2087","10","8","13","9","1","3","0","0","0","0"
"Brock Purdy","SF","QB","106.3","11.8","9","114","1374","13","4","22","13","1","0","0","0","0","0"
"James Cook","BUF","RB","105.7","6.6","16","0","0","0","0","89","507","2","1","33","21","180","1"
"Hayden Hurst","CIN","TE","105.4","8.1","13","0","0","0","0","0","0","0","0","68","52","414","2"
"Michael Gallup","DAL","WR","105.4","7.5","14","0","0","0","0","0","0","0","0","74","39","424","4"
"Kenyan Drake","BAL","RB","104.1","8.7","12","0","0","0","0","109","482","4","0","26","17","89","1"
"Hunter Henry","NE","TE","103.9","6.1","17","0","0","0","0","0","0","0","0","59","41","509","2"
"Josh Reynolds","DET","WR","103.9","7.4","14","0","0","0","0","0","0","0","0","59","38","479","3"
"Demarcus Robinson","BAL","WR","103.8","6.1","17","0","0","0","0","0","0","0","1","75","48","458","2"
"DeVante Parker","NE","WR","102.9","7.9","13","0","0","0","0","0","0","0","0","47","31","539","3"
"Romeo Doubs","GB","WR","101.6","7.8","13","0","0","0","0","1","11","0","1","67","42","425","3"
"Darnell Mooney","CHI","WR","101.5","8.5","12","0","0","0","0","1","2","0","0","61","40","493","2"
"Chase Claypool","PIT","WR","101","6.7","15","1","1","1","0","9","59","0","1","79","46","451","1"
"Rashid Shaheed","NO","WR","100.5","8.4","12","0","0","0","0","4","57","1","0","34","28","488","2"
"Isaiah Hodgins","BUF","WR","100.2","10","10","0","0","0","0","0","0","0","1","47","37","392","4"
"Clyde Edwards-Helaire","KC","RB","98.3","9.8","10","0","0","0","0","71","302","3","0","23","17","151","3"
"DJ Chark","DET","WR","98.2","8.9","11","0","0","0","0","0","0","0","0","52","30","502","3"
"Mike Gesicki","MIA","TE","98.2","5.8","17","0","0","0","0","0","0","0","0","52","32","362","5"
"Corey Davis","NYJ","WR","97.6","7.5","13","0","0","0","0","0","0","0","0","65","32","536","2"
"Austin Hooper","TEN","TE","97.4","5.7","17","0","0","0","0","0","0","0","0","60","41","444","2"
"Chigoziem Okonkwo","TEN","TE","97.2","5.7","17","0","0","0","0","3","2","0","0","46","32","450","3"
"Nico Collins","HOU","WR","97.1","9.7","10","0","0","0","0","0","0","0","0","66","37","481","2"
"Treylon Burks","TEN","WR","94.1","8.6","11","0","0","0","0","4","47","1","0","54","33","444","1"
"Mecole Hardman","KC","WR","93.8","11.7","8","0","0","0","0","4","31","2","0","34","25","297","4"
"Jaylen Warren","PIT","RB","93.3","5.8","16","0","0","0","0","77","379","1","0","33","28","214","0"
"Cade Otton","TB","TE","93.1","5.8","16","0","0","0","0","0","0","0","0","65","42","391","2"
"Zach Wilson","NYJ","QB","91.7","10.2","9","132","1688","6","7","28","102","1","1","1","1","2","1"
"Isaiah Likely","BAL","TE","91.3","5.7","16","0","0","0","0","0","0","0","0","60","36","373","3"
"Damien Harris","NE","RB","91","8.3","11","0","0","0","0","106","463","3","0","23","17","97","0"
"Marquise Goodwin","SEA","WR","90.2","6.9","13","0","0","0","0","2","5","0","0","41","27","387","4"
"Eno Benjamin","ARI","RB","89.6","6","15","0","0","0","0","77","313","2","0","34","25","193","0"
"James Robinson","JAX","RB","88.6","8.1","11","0","0","0","0","110","425","3","0","14","11","51","2"
"Alexander Mattison","MIN","RB","88.4","5.2","17","0","0","0","0","74","283","5","0","18","15","91","1"
"Kendrick Bourne","NE","WR","88.3","5.5","16","0","0","0","0","6","39","0","0","48","35","434","1"
"Elijah Moore","NYJ","WR","88.1","5.5","16","0","0","0","0","5","5","0","0","66","37","446","1"
"Kenneth Gainwell","PHI","RB","87.9","5.2","17","0","0","0","0","53","240","4","0","29","23","169","0"
"Rondale Moore","ARI","WR","87.9","11","8","0","0","0","0","6","-5","0","0","56","41","414","1"
"Chuba Hubbard","CAR","RB","87.7","5.8","15","0","0","0","0","95","466","2","1","17","14","171","0"
"Melvin Gordon III","DEN","RB","87.1","8.7","10","0","0","0","0","90","318","2","2","32","25","223","0"
"Will Dissly","SEA","TE","86.9","5.8","15","0","0","0","0","0","0","0","0","38","34","349","3"
"Sam Darnold","CAR","QB","86.3","14.4","6","82","1143","7","3","26","106","2","2","0","0","0","0"
"Greg Dulcich","DEN","TE","86.1","8.6","10","0","0","0","0","0","0","0","0","55","33","411","2"
"Deshaun Watson","CLE","QB","85.6","14.3","6","99","1102","7","5","36","175","1","0","0","0","0","0"
"Foster Moreau","LV","TE","85.2","5.7","15","0","0","0","0","0","2","0","1","55","33","420","2"
"Allen Robinson II","LAR","WR","84.9","8.5","10","0","0","0","0","0","0","0","0","52","33","339","3"
"Darren Waller","LV","TE","84.8","9.4","9","0","0","0","0","0","0","0","0","43","28","388","3"
"Quez Watkins","PHI","WR","84.5","5","17","0","0","0","0","3","1","0","1","50","33","354","3"
"Deon Jackson","IND","RB","84.5","5.3","16","0","0","0","0","68","236","1","1","34","30","209","1"
"Ben Skowronek","LAR","WR","84.3","6","14","0","0","0","0","1","17","1","0","61","39","376","0"
"Trent Sherfield","MIA","WR","83.7","4.9","17","0","0","0","0","0","0","0","0","52","30","417","2"
"Terrace Marshall Jr.","CAR","WR","83","5.9","14","0","0","0","0","0","0","0","0","47","28","490","1"
"Nick Westbrook-Ikhine","TEN","WR","82.7","4.9","17","0","0","0","0","0","0","0","0","50","25","397","3"
"Jauan Jennings","SF","WR","82.6","5.2","16","0","0","0","0","0","0","0","0","56","35","416","1"
"Randall Cobb","GB","WR","81.7","6.3","13","0","0","0","0","0","0","0","0","50","34","417","1"
"J.K. Dobbins","BAL","RB","81.2","10.2","8","0","0","0","0","92","520","2","0","8","7","42","1"
"Hunter Renfrow","LV","WR","79","7.9","10","0","0","0","0","0","0","0","1","50","36","330","2"
"Van Jefferson","LAR","WR","78.9","7.2","11","0","0","0","0","0","0","0","0","45","24","369","3"
"Rex Burkhead","HOU","RB","77.4","4.8","16","0","0","0","0","26","80","1","0","51","37","204","1"
"Logan Thomas","WAS","TE","77.3","5.5","14","0","0","0","0","0","0","0","0","61","39","323","1"
"Dontrell Hilliard","TEN","RB","77.2","6.4","12","0","0","0","0","22","145","0","0","26","21","177","4"
"Kyle Pitts","ATL","TE","75.6","7.6","10","0","0","0","0","0","0","0","0","59","28","356","2"
"Nelson Agholor","NE","WR","75.2","4.7","16","0","0","0","0","0","0","0","2","53","31","362","2"
"Daniel Bellinger","NYG","TE","75","6.3","12","0","0","0","0","1","2","1","1","35","30","268","2"
"Chase Edmonds","MIA","RB","74.2","5.7","13","0","0","0","0","68","245","2","0","24","16","157","1"
"Jelani Woods","IND","TE","74.2","4.9","15","0","0","0","0","0","0","0","0","40","25","312","3"
"Mitch Trubisky","PIT","QB","73.9","10.6","7","117","1252","4","5","19","38","2","0","0","0","0","0"
"Darrell Henderson Jr.","LAR","RB","73.5","7.3","10","0","0","0","0","70","283","3","0","22","17","102","0"
"Laviska Shenault Jr.","CAR","WR","72.7","5.6","13","0","0","0","0","9","65","1","0","32","27","272","1"
"Julio Jones","TB","WR","70.4","7","10","0","0","0","0","5","45","0","0","43","24","299","2"
"Jamal Agnew","JAX","WR","70.3","4.7","15","0","0","0","0","12","86","0","0","30","23","187","3"
"JaMycal Hasty","JAX","RB","70","4.1","17","0","0","0","0","46","194","2","0","26","20","126","1"
"Noah Gray","KC","TE","70","4.1","17","0","0","0","0","1","1","1","0","34","28","299","1"
"Nyheim Hines","IND","RB","69.4","4.3","16","0","0","0","0","24","33","1","0","37","30","241","1"
"Colby Parkinson","SEA","TE","69.2","4.1","17","0","0","0","0","0","0","0","0","34","25","322","2"
"Tyquan Thornton","NE","WR","66.3","5.1","13","0","0","0","0","3","16","1","0","45","22","247","2"
"Dante Pettis","CHI","WR","65.2","3.8","17","0","0","0","0","2","37","0","0","41","19","245","3"
"Joshua Kelley","LAC","RB","64.8","5","13","0","0","0","0","69","287","2","0","25","14","101","0"
"Equanimeous St. Brown","CHI","WR","64.7","4","16","0","0","0","0","6","54","0","0","38","21","323","1"
"Zack Moss","BUF","RB","64.5","5","13","0","0","0","0","93","456","1","1","13","11","39","0"
"Brock Wright","DET","TE","63.6","3.7","17","0","0","0","0","0","0","0","0","24","18","216","4"
"Trenton Irwin","CIN","WR","63.2","7","9","0","0","0","0","1","11","0","0","23","15","231","4"
"Tutu Atwell","LAR","WR","63.2","4.9","13","0","0","0","0","9","34","1","0","35","18","298","1"
"Harrison Bryant","CLE","TE","61.7","3.6","17","0","0","0","0","1","8","0","0","42","31","239","1"
"A.J. Green","ARI","WR","61.6","4.1","15","0","0","0","0","0","0","0","0","47","24","236","2"
"Shi Smith","CAR","WR","61.6","3.6","17","0","0","0","0","0","0","0","1","41","22","296","2"
"Trey McBride","ARI","TE","61.5","3.8","16","0","0","0","0","0","0","0","0","39","29","265","1"
"Kylen Granson","IND","TE","61.2","4.7","13","0","0","0","0","1","0","0","0","40","31","302","0"
"Jarvis Landry","NO","WR","60.2","6.7","9","0","0","0","0","0","0","0","0","39","25","272","1"
"Matt Breida","NYG","RB","59.8","3.5","17","0","0","0","0","54","220","1","0","25","20","118","0"
"Gus Edwards","BAL","RB","59.3","6.6","9","0","0","0","0","87","433","3","1","2","0","0","0"
"Zonovan Knight","NYJ","RB","59","8.4","7","0","0","0","0","85","300","1","0","14","13","100","0"
"Justin Watson","KC","WR","58.5","3.4","17","0","0","0","0","0","0","0","0","34","15","315","2"
"Ray-Ray McCloud III","SF","WR","58.1","3.4","17","0","0","0","0","4","78","1","0","25","14","243","1"
"Kadarius Toney","NYG","WR","57.3","6.4","9","0","0","0","0","7","82","1","1","20","16","171","2"
"Cooper Rush","DAL","QB","56.6","6.3","9","94","1051","5","3","9","6","0","0","0","0","0","0"
"Mike White","NYJ","QB","56.6","14.1","4","103","1192","3","4","6","9","1","1","0","0","0","0"
"Kendall Hinton","DEN","WR","56.4","4.7","12","0","0","0","0","2","13","0","0","33","24","311","0"
"C.J. Uzomah","NYJ","TE","56.2","3.7","15","0","0","0","0","0","0","0","0","27","21","232","2"
"J.D. McKissic","WAS","RB","55.8","7","8","0","0","0","0","22","95","0","0","40","27","173","0"
"Irv Smith Jr.","MIN","TE","55.2","6.9","8","0","0","0","0","0","0","0","0","36","25","182","2"
"MyCole Pruitt","ATL","TE","55","4.2","13","0","0","0","0","0","0","0","0","21","16","150","4"
"Ameer Abdullah","LV","RB","54.1","3.2","17","0","0","0","0","4","20","0","0","32","25","211","1"
"Mo Alie-Cox","IND","TE","53.9","3.2","17","0","0","0","0","0","0","0","1","28","19","189","3"
"Kyle Juszczyk","SF","RB","53.6","3.4","16","0","0","0","0","7","26","1","0","23","19","200","1"
"Braxton Berrios","NYJ","WR","53.6","3.2","17","1","2","1","0","9","91","2","0","32","18","145","0"
"Rashod Bateman","BAL","WR","53.5","8.9","6","0","0","0","0","0","0","0","1","28","15","285","2"
"Tre'Quan Smith","NO","WR","52.8","3.5","15","0","0","0","0","0","0","0","0","27","19","278","1"
"Tommy Tremble","CAR","TE","52.4","3.1","17","0","0","0","0","0","0","0","1","32","19","174","3"
"Robbie Anderson","CAR","WR","52.2","3.3","16","0","0","0","0","0","0","0","1","44","20","282","1"
"Rashaad Penny","SEA","RB","52.2","10.4","5","0","0","0","0","57","346","2","0","5","4","16","0"
"Jonnu Smith","NE","TE","52","3.7","14","0","0","0","0","1","5","0","0","39","27","245","0"
"Damiere Byrd","ATL","WR","51.8","3.7","14","0","0","0","0","0","0","0","0","23","13","268","2"
"Phillip Dorsett","HOU","WR","51.7","3.4","15","0","0","0","0","0","0","0","0","40","20","257","1"
"Wan'Dale Robinson","NYG","WR","51.6","8.6","6","0","0","0","0","2","-1","0","0","31","23","227","1"
"Michael Thomas","NO","WR","51.1","17","3","0","0","0","0","0","0","0","0","22","16","171","3"
"Justin Jackson","DET","RB","51.1","3.2","16","0","0","0","0","42","170","1","0","19","12","101","1"
"Mark Ingram II","NO","RB","50.3","5","10","0","0","0","0","62","235","1","2","18","16","68","0"
"Tyler Huntley","BAL","QB","50","8.3","6","75","658","2","3","43","137","1","0","0","0","0","0"
"Dare Ogunbowale","HOU","RB","48.7","2.9","17","0","0","0","0","42","123","1","0","26","20","104","0"
"Joe Flacco","NYJ","QB","48.6","9.7","5","110","1051","5","3","3","6","0","4","0","0","0","0"
"Jake Ferguson","DAL","TE","48.4","3","16","0","0","0","0","0","0","0","0","22","19","174","2"
"DeeJay Dallas","SEA","RB","48.2","3.2","15","0","0","0","1","35","186","0","0","19","17","126","0"
"Brandon Powell","LAR","WR","47.6","2.8","17","0","0","0","0","17","80","0","0","32","24","156","0"
"Sammy Watkins","GB","WR","46.5","3.9","12","0","0","0","0","0","0","0","1","27","16","325","0"
"Boston Scott","PHI","RB","46.2","3.1","15","0","0","0","0","54","217","3","0","6","5","15","0"
"David Bell","CLE","WR","45.4","2.8","16","0","0","0","0","0","0","0","0","35","24","214","0"
"Caleb Huntley","ATL","RB","44.9","3.7","12","0","0","0","0","76","366","1","0","2","2","3","0"
"Adam Trautman","NO","TE","44.7","3","15","0","0","0","0","0","0","0","0","22","18","207","1"
"Jameis Winston","NO","QB","43.9","14.6","3","73","858","4","5","5","16","0","0","0","0","0","0"
"Elijah Mitchell","SF","RB","43.6","8.7","5","0","0","0","0","45","279","2","0","4","3","7","0"
"Skyy Moore","KC","WR","43.4","2.7","16","0","0","0","0","3","24","0","3","33","22","250","0"
"Travis Homer","SEA","RB","43.1","4.3","10","0","0","0","0","19","74","0","1","18","16","157","1"
"Raheem Blackshear","CAR","RB","43","3.3","13","0","0","0","0","23","77","3","1","12","10","93","0"
"Ty Johnson","NYJ","RB","42.8","2.5","17","0","0","0","0","30","160","1","0","24","12","88","0"
"Jarrett Stidham","LV","QB","42.6","8.5","5","53","656","4","3","14","84","0","1","0","0","0","0"
"Ashton Dulin","IND","WR","42.5","3.5","12","0","0","0","0","2","8","0","0","22","15","207","1"
"Scotty Miller","TB","WR","42.3","2.8","15","0","0","0","0","1","8","0","0","40","23","185","0"
"Justice Hill","BAL","RB","42","2.8","15","0","0","0","0","49","262","0","1","12","12","58","0"
"Javonte Williams","DEN","RB","42","10.5","4","0","0","0","0","47","204","0","1","22","16","76","0"
"KhaDarel Hodge","ATL","WR","41.2","2.4","17","0","0","0","0","0","0","0","0","20","13","202","1"
"Shane Zylstra","DET","TE","41","3.2","13","0","0","0","0","0","0","0","0","15","11","60","4"
"Josh Oliver","BAL","TE","40.9","2.4","17","0","0","0","0","0","0","0","0","24","14","149","2"
"Ian Thomas","CAR","TE","40.7","2.4","17","0","0","0","0","0","0","0","0","30","21","197","0"
"Durham Smythe","MIA","TE","40","2.5","16","0","0","0","0","2","1","1","0","20","15","129","1"
"Peyton Hendershot","DAL","TE","39.5","2.3","17","0","0","0","0","1","2","1","0","16","11","103","2"
"Bailey Zappe","NE","QB","39.2","9.8","4","65","781","5","3","10","0","0","3","1","1","-6","0"
"PJ Walker","CAR","QB","39.1","6.5","6","63","731","3","3","6","39","0","0","0","0","0","0"
"Amari Rodgers","GB","WR","39.1","2.4","16","0","0","0","0","2","7","0","2","24","16","204","1"
"Johnny Mundt","MIN","TE","39","2.3","17","0","0","0","0","0","0","0","0","21","19","140","1"
"Desmond Ridder","ATL","QB","38.7","9.7","4","73","708","2","0","16","64","0","2","0","0","0","0"
"Marlon Mack","SF","RB","38.3","4.8","8","0","0","0","0","16","84","1","0","10","8","99","1"
"Alec Ingold","MIA","RB","38.3","2.3","17","0","0","0","0","6","8","1","0","23","15","105","1"
"Teddy Bridgewater","MIA","QB","38","7.6","5","49","683","4","4","3","27","0","0","0","0","0","0"
"Marquez Callaway","NO","WR","37.8","2.7","14","0","0","0","0","0","0","0","0","32","16","158","1"
"Cameron Brate","TB","TE","37.4","3.4","11","0","0","0","0","0","0","0","0","37","20","174","0"
"Mitchell Wilcox","CIN","TE","36.9","2.3","16","0","0","0","0","0","0","0","0","18","17","139","1"
"Gardner Minshew","PHI","QB","36.8","7.4","5","44","663","3","3","7","3","1","1","0","0","0","0"
"O.J. Howard","HOU","TE","36.5","2.8","13","0","0","0","0","0","0","0","0","23","10","145","2"
"Zach Pascal","PHI","WR","36","2.1","17","0","0","0","0","1","0","0","0","19","15","150","1"
"Eric Saubert","DEN","TE","35.8","2.1","17","0","0","0","0","0","0","0","0","24","15","148","1"
"Connor Heyward","PIT","TE","35.8","2.1","17","0","0","0","0","2","27","0","0","17","12","151","1"
"Sam Ehlinger","IND","QB","35.6","8.9","4","64","573","3","3","17","87","0","1","0","0","0","0"
"Byron Pringle","CHI","WR","35.5","3.2","11","0","0","0","0","0","0","0","0","16","10","135","2"
"Sterling Shepard","NYG","WR","34.4","11.5","3","0","0","0","0","0","0","0","0","24","13","154","1"
"Malik Davis","DAL","RB","34.4","2.9","12","0","0","0","0","38","161","1","0","7","6","63","0"
"Khalil Shakir","BUF","WR","34.1","2.4","14","0","0","0","0","0","0","0","0","20","10","161","1"
"Avery Williams","ATL","RB","34","2","17","0","0","0","0","22","109","1","1","14","13","61","0"
"Velus Jones Jr.","CHI","WR","34","2.8","12","0","0","0","0","9","103","1","3","14","7","107","1"
"Jalen Nailor","MIN","WR","32.9","2.2","15","0","0","0","0","0","0","0","0","13","9","179","1"
"Colt McCoy","ARI","QB","32.8","8.2","4","90","780","1","3","14","36","0","0","0","0","0","0"
"Dyami Brown","WAS","WR","32.8","2.2","15","0","0","0","0","1","15","0","0","14","5","143","2"
"Zach Gentry","PIT","TE","32.2","1.9","17","0","0","0","0","0","0","0","0","23","19","132","0"
"Jordan Mason","SF","RB","31.8","2","16","0","0","0","0","43","258","1","0","0","0","0","0"
"Steven Sims","PIT","WR","31.4","2.6","12","0","0","0","0","13","70","0","0","23","14","104","0"
"C.J. Ham","MIN","RB","31.3","1.8","17","0","0","0","0","4","7","2","0","12","10","86","0"
"River Cracraft","MIA","WR","31.2","2.8","11","0","0","0","0","0","0","0","0","14","9","102","2"
"Lawrence Cager","NYJ","TE","30.8","4.4","7","0","0","0","0","0","0","0","0","19","13","118","1"
"John Bates","WAS","TE","30.8","1.9","16","0","0","0","0","0","0","0","0","22","14","108","1"
"Craig Reynolds","DET","RB","30.8","3.4","9","0","0","0","0","23","102","0","0","10","9","116","0"
"Kyren Williams","LAR","RB","30.5","3","10","0","0","0","0","35","139","0","0","12","9","76","0"
"Teagan Quitoriano","HOU","TE","30.3","3.4","9","0","0","0","0","0","0","0","0","14","7","113","2"
"Keelan Cole","LV","WR","30.1","2.1","14","0","0","0","0","0","0","0","0","20","10","141","1"
"Jody Fortson","KC","TE","29.8","2.3","13","0","0","0","0","0","0","0","1","13","9","108","2"
"Denzel Mims","NYJ","WR","29.6","3","10","0","0","0","0","0","0","0","0","25","11","186","0"
"Donald Parham Jr.","LAC","TE","29","4.8","6","0","0","0","0","0","0","0","0","12","10","130","1"
"Gary Brightwell","NYG","RB","29","1.7","17","0","0","0","0","31","141","1","0","8","5","39","0"
"Eric Tomlinson","DEN","TE","28.9","1.7","17","0","0","0","0","0","0","0","0","13","9","79","2"
"Mike Boone","DEN","RB","28.8","3.2","9","0","0","0","0","24","102","0","0","15","9","96","0"
"James Mitchell","DET","TE","28.3","2","14","0","0","0","0","0","0","0","0","11","11","113","1"
"Brandon Bolden","LV","RB","27.3","1.7","16","0","0","0","0","17","66","0","0","9","9","57","1"
"Pierre Strong Jr.","NE","RB","27.2","1.8","15","0","0","0","0","10","100","1","0","7","7","42","0"
"Jalen Reagor","MIN","WR","26.9","1.6","17","0","0","0","0","4","25","0","0","13","8","104","1"
"Brevin Jordan","HOU","TE","26.8","2.4","11","0","0","0","0","0","0","0","0","27","14","128","0"
"Marcedes Lewis","GB","TE","26.6","1.6","17","0","0","0","0","0","0","0","0","7","6","66","2"
"Cedrick Wilson Jr.","MIA","WR","26.4","1.8","15","0","0","0","0","1","8","0","0","17","12","136","0"
"Jonathan Williams","WAS","RB","26.2","2","13","0","0","0","0","37","152","0","0","10","7","40","0"
"Hassan Haskins","TEN","RB","26","1.7","15","0","0","0","0","25","93","0","0","12","11","57","0"
"KJ Hamler","DEN","WR","25.8","3.7","7","0","0","0","0","2","23","0","0","14","7","165","0"
"Albert Okwuegbunam","DEN","TE","25.5","3.2","8","0","0","0","0","0","0","0","0","18","10","95","1"
"Sony Michel","LAC","RB","24.9","2.5","10","0","0","0","0","36","106","0","0","13","9","53","0"
"N'Keal Harry","CHI","WR","24.6","3.5","7","0","0","0","0","0","0","0","0","9","7","116","1"
"Josiah Deguara","GB","TE","24.4","1.4","17","0","0","0","0","0","0","0","0","15","13","114","0"
"DeSean Jackson","BAL","WR","24.3","3.5","7","0","0","0","0","0","0","0","0","17","9","153","0"
"Geoff Swaim","TEN","TE","23.8","1.4","17","0","0","0","0","0","0","0","0","16","12","58","1"
"Pharaoh Brown","HOU","TE","23.7","1.5","16","0","0","0","0","0","0","0","0","20","12","117","0"
"Breshad Perriman","TB","WR","23.3","2.1","11","0","0","0","0","2","-7","0","1","19","9","110","1"
"Jack Stoll","PHI","TE","23.3","1.4","17","0","0","0","0","0","0","0","0","14","11","123","0"
"Tanner Hudson","NYG","TE","23.2","2.1","11","0","0","0","0","0","0","0","0","15","10","132","0"
"Malcolm Brown","LAR","RB","22.8","2.1","11","0","0","0","0","18","81","1","0","6","5","37","0"
"Dan Arnold","JAX","TE","22.5","1.3","17","0","0","0","0","0","0","0","0","13","9","135","0"
"Tom Kennedy","DET","WR","22.1","3.2","7","0","0","0","0","0","0","0","0","16","8","141","0"
"Tevin Coleman","SF","RB","22","4.4","5","0","0","0","0","12","26","1","0","3","3","44","1"
"Corey Clement","ARI","RB","21.9","2.4","9","0","0","0","0","15","55","1","0","7","5","54","0"
"David Sills V","NYG","WR","21.6","2.4","9","0","0","0","0","0","0","0","0","17","11","106","0"
"Jeff Smith","NYJ","WR","21.4","1.9","11","0","0","0","0","0","0","0","0","11","8","134","0"
"Darrel Williams","ARI","RB","21.1","3.5","6","0","0","0","0","21","102","1","0","8","4","9","0"
"Ko Kieft","TB","TE","21","1.2","17","0","0","0","0","0","0","0","0","10","7","80","1"
"Reggie Gilliam","BUF","RB","20.9","1.4","15","0","0","0","0","0","0","0","0","10","8","69","1"
"Joshua Dobbs","TEN","QB","20.8","10.4","2","40","411","2","2","8","44","0","2","0","0","0","0"
"Davis Webb","NYG","QB","20.8","20.8","1","23","168","1","0","6","41","1","0","0","0","0","0"
"Quintin Morris","BUF","TE","20.4","1.5","14","0","0","0","0","0","0","0","1","11","8","84","1"
"Derek Watt","PIT","RB","20.2","1.2","17","0","0","0","0","9","21","1","0","5","5","11","1"
"Kenny Golladay","NYG","WR","20.1","1.7","12","0","0","0","0","0","0","0","0","17","6","81","1"
"Patrick Ricard","BAL","RB","20","1.2","17","0","0","0","0","7","16","0","0","13","11","74","0"
"Ross Dwelley","SF","TE","19.5","1.6","12","0","0","0","0","0","0","0","0","5","3","105","1"
"Chris Myarick","NYG","RB","19.5","1.2","16","0","0","0","0","0","0","0","0","8","7","65","1"
"Malik Willis","TEN","QB","19.3","2.4","8","31","276","0","3","27","123","1","2","0","0","0","0"
"Samori Toure","GB","WR","19.2","1.7","11","0","0","0","0","0","0","0","0","10","5","82","1"
"T.Y. Hilton","DAL","WR","19.1","6.4","3","0","0","0","0","0","0","0","0","10","7","121","0"
"Anthony Firkser","ATL","TE","19","1.7","11","0","0","0","0","0","0","0","0","13","9","100","0"
"Royce Freeman","HOU","RB","19","4.8","4","0","0","0","0","41","117","0","1","8","6","33","0"
"Marcus Johnson","NYG","WR","18.9","1.3","14","0","0","0","0","0","0","0","0","22","9","99","0"
"Michael Bandy","LAC","WR","18.9","1.9","10","0","0","0","0","0","0","0","0","21","10","89","0"
"Anthony Schwartz","CLE","WR","18.8","1.7","11","0","0","0","0","4","57","1","1","10","4","51","0"
"Benny Snell Jr.","PIT","RB","18.7","1.1","17","0","0","0","0","20","90","1","0","2","2","17","0"
"Zander Horvath","LAC","RB","18.6","1.2","15","0","0","0","0","4","8","0","0","8","5","8","2"
"David Blough","ARI","QB","18.6","9.3","2","38","402","2","2","4","5","0","1","0","0","0","0"
"Sam Howell","WAS","QB","18.3","18.3","1","11","169","1","1","5","35","1","0","0","0","0","0"
"Keaontay Ingram","ARI","RB","18.1","1.5","12","0","0","0","0","27","60","1","0","5","4","21","0"
"Brett Rypien","DEN","QB","18","4.5","4","53","483","2","4","6","7","0","1","0","0","0","0"
"Giovanni Ricci","CAR","TE","18","1.2","15","0","0","0","0","0","0","0","0","9","8","100","0"
"Brycen Hopkins","LAR","TE","17.9","1.3","14","0","0","0","0","0","0","0","0","11","7","109","0"
"Parker Hesse","ATL","TE","17.9","1.1","17","0","0","0","0","0","0","0","0","11","9","89","0"
"Skylar Thompson","MIA","QB","17.5","2.5","7","60","534","1","3","14","21","0","2","0","0","0","0"
"Tre' McKitty","LAC","TE","17.2","1","17","0","0","0","0","0","0","0","0","18","10","72","0"
"Cam Sims","WAS","WR","16.9","1","17","0","0","0","0","0","0","0","0","18","8","89","0"
"Ronald Jones","KC","RB","16.2","2.7","6","0","0","0","0","17","70","1","0","1","1","22","0"
"Kyle Allen","HOU","QB","15.9","8","2","46","416","2","4","6","13","0","1","0","0","0","0"
"Jeff Driskel","HOU","QB","15.8","2.3","7","14","108","1","0","20","75","0","0","1","1","4","0"
"Dax Milne","WAS","WR","15.7","1","15","0","0","0","0","0","0","0","0","7","6","37","1"
"Bryce Perkins","LAR","QB","15.4","3.1","5","19","161","1","2","19","90","0","0","0","0","0","0"
"Jameson Williams","DET","WR","15.1","2.5","6","0","0","0","0","1","40","0","0","9","1","41","1"
"Phillip Lindsay","IND","RB","14.8","4.9","3","0","0","0","0","15","49","0","0","8","6","19","0"
"John Wolford","LAR","QB","14.8","4.9","3","38","390","1","3","8","32","0","1","0","0","0","0"
"Jordan Wilkins","IND","RB","14.7","3.7","4","0","0","0","0","13","58","0","0","8","6","29","0"
"Salvon Ahmed","MIA","RB","14.2","1.2","12","0","0","0","0","12","64","1","0","1","1","8","0"
"James Proche II","BAL","WR","14.2","0.9","15","0","0","0","1","0","0","0","0","17","8","62","0"
"Brandon Johnson","DEN","WR","14.2","2","7","0","0","0","0","0","0","0","1","14","6","42","1"
"Armani Rogers","WAS","TE","14","1.3","11","0","0","0","0","2","26","0","0","6","5","64","0"
"Dee Eskridge","SEA","WR","13.8","1.4","10","0","0","0","0","2","10","0","0","13","7","58","0"
"Jalen Virgil","DEN","WR","13.5","1.5","9","0","0","0","0","0","0","0","1","5","2","75","1"
"Grant Calcaterra","PHI","TE","13.1","0.9","15","0","0","0","0","0","0","0","0","9","5","81","0"
"Chris Evans","CIN","RB","12.8","1.1","12","0","0","0","0","0","0","0","0","4","3","38","1"
"Trey Lance","SF","QB","12.5","6.2","2","15","194","0","1","16","67","0","0","0","0","0","0"
"Gunner Olszewski","PIT","WR","12.2","0.8","16","0","0","0","0","8","39","0","1","7","5","53","0"
"Jamison Crowder","BUF","WR","12","3","4","0","0","0","0","0","0","0","0","13","6","60","0"
"Andrew Beck","DEN","TE","11.9","0.9","13","0","0","0","0","2","0","0","0","11","5","69","0"
"Kyle Rudolph","TB","TE","11.8","1.3","9","0","0","0","0","0","0","0","0","5","3","28","1"
"Kyle Philips","TEN","WR","11.8","3","4","0","0","0","0","0","0","0","2","13","8","78","0"
"Nick Mullens","MIN","QB","11.8","2.9","4","21","224","1","1","4","8","0","0","0","0","0","0"
"Jordan Love","GB","QB","11.7","2.9","4","14","195","1","0","1","-1","0","0","0","0","0","0"
"Trent Taylor","CIN","WR","11.7","0.7","16","0","0","0","0","4","15","0","1","10","6","62","0"
"Nick Vannett","NO","TE","11.5","1.3","9","0","0","0","0","0","0","0","0","9","6","55","0"
"Andre Baccellia","ARI","WR","11.5","1.4","8","0","0","0","0","0","0","0","0","10","7","45","0"
"Freddie Swain","MIA","WR","11.4","2.9","4","0","0","0","0","0","0","0","0","6","4","74","0"
"Tyrod Taylor","NYG","QB","11.3","3.8","3","6","58","1","1","5","70","0","1","0","0","0","0"
"John Brown","BUF","WR","11.2","3.7","3","0","0","0","0","0","0","0","0","2","1","42","1"
"Kevin Harris","NE","RB","11.2","2.2","5","0","0","0","0","18","52","1","0","0","0","0","0"
"Deven Thompkins","TB","WR","10.8","2.2","5","0","0","0","0","2","26","0","0","10","5","32","0"
"Darrynton Evans","CHI","RB","10.7","1.8","6","0","0","0","0","14","64","0","0","1","1","33","0"
"Jake Kumerow","BUF","WR","10.4","1.7","6","0","0","0","0","0","0","0","0","7","4","64","0"
"Tony Jones Jr.","NO","RB","10.4","1.7","6","0","0","0","0","10","24","0","0","8","5","30","0"
"Ty Montgomery","NE","WR","10.3","10.3","1","0","0","0","0","2","-2","0","0","4","3","15","1"
"Ke'Shawn Vaughn","TB","RB","10.2","0.7","15","0","0","0","0","17","53","0","0","4","3","19","0"
"Chris Manhertz","JAX","TE","10.2","0.6","17","0","0","0","0","0","0","0","0","8","6","42","0"
"Laquon Treadwell","SEA","WR","10.2","1.7","6","0","0","0","0","0","0","0","0","10","6","42","0"
"Snoop Conner","JAX","RB","10.2","1.3","8","0","0","0","0","12","42","1","0","0","0","0","0"
"Trevor Siemian","CHI","QB","10.2","5.1","2","15","184","1","1","4","8","0","0","0","0","0","0"
"Blake Bell","KC","TE","10","3.3","3","0","0","0","0","0","0","0","0","2","2","20","1"
"Ronnie Rivers","LAR","RB","10","1.3","8","0","0","0","0","9","21","0","0","5","5","29","0"
"Tyrion Davis-Price","SF","RB","9.9","1.7","6","0","0","0","0","34","99","0","0","2","0","0","0"
"Tyler Kroft","SF","TE","9.7","0.9","11","0","0","0","0","0","0","0","0","5","4","57","0"
"Cole Beasley","TB","WR","9.5","2.4","4","0","0","0","0","0","0","0","0","7","6","35","0"
"Kevin White","NO","WR","9.4","1.3","7","0","0","0","0","0","0","0","0","5","2","74","0"
"Tyler Badie","DEN","RB","9.4","9.4","1","0","0","0","0","1","0","0","0","1","1","24","1"
"Myles Gaskin","MIA","RB","9.4","2.3","4","0","0","0","0","10","26","0","0","6","4","28","0"
"David Johnson","NO","RB","9.1","1.8","5","0","0","0","0","12","24","0","1","4","4","47","0"
"Chris Streveler","NYJ","QB","9","4.5","2","10","90","0","0","9","54","0","0","0","0","0","0"
"Michael Woods II","CLE","WR","9","0.8","11","0","0","0","0","1","-5","0","0","9","5","45","0"
"Mike Strachan","IND","WR","8.9","0.7","13","0","0","0","0","0","0","0","0","9","3","59","0"
"Charlie Kolar","BAL","TE","8.9","4.5","2","0","0","0","0","0","0","0","0","6","4","49","0"
"Chris Conley","HOU","WR","8.6","1","9","0","0","0","0","0","0","0","0","7","4","46","0"
"Trace McSorley","ARI","QB","8.6","1.4","6","45","412","0","5","15","61","0","2","0","0","0","0"
"Chase Daniel","LAC","QB","8.5","2.1","4","8","52","1","0","1","4","0","0","0","0","0","0"
"Cody Hollister","TEN","WR","8.4","0.8","11","0","0","0","0","0","0","0","0","5","3","54","0"
"Jalen Guyton","LAC","WR","8.4","2.8","3","0","0","0","0","0","0","0","0","4","2","64","0"
"Isaiah Spiller","LAC","RB","8.4","1.4","6","0","0","0","0","18","41","0","0","3","3","13","0"
"Julius Chestnut","TEN","RB","8.3","1.4","6","0","0","0","0","9","12","0","0","3","3","41","0"
"Nathan Peterman","CHI","QB","8.3","2.8","3","14","139","1","1","2","7","0","0","0","0","0","0"
"Trayveon Williams","CIN","RB","8","1","8","0","0","0","0","6","30","0","0","3","2","30","0"
"Luke Farrell","JAX","TE","8","0.5","17","0","0","0","0","0","0","0","0","4","4","40","0"
"Jaret Patterson","WAS","RB","7.8","2.6","3","0","0","0","0","17","78","0","0","1","0","0","0"
"Tyler Mabry","SEA","TE","7.7","3.9","2","0","0","0","0","0","0","0","0","1","1","7","1"
"Spencer Brown","CAR","RB","7.3","3.6","2","0","0","0","0","9","43","0","0","4","2","10","0"
"Tylan Wallace","BAL","WR","7.3","0.8","9","0","0","0","0","0","0","0","0","7","4","33","0"
"Zamir White","LV","RB","7","0.5","14","0","0","0","0","17","70","0","0","0","0","0","0"
"Troy Hairston","HOU","RB","6.9","0.4","16","0","0","0","0","0","0","0","0","8","5","19","0"
"Ryan Griffin","CHI","TE","6.6","0.4","15","0","0","0","0","0","0","0","0","8","4","26","0"
"Trevon Wesco","CHI","TE","6.6","0.5","14","0","0","0","0","0","0","0","0","4","2","26","0"
"Stephen Sullivan","CAR","TE","6.6","0.5","14","0","0","0","0","0","0","0","0","6","2","46","0"
"Tyler Davis","GB","TE","6.6","0.4","17","0","0","0","0","0","0","0","0","7","4","26","0"
"Racey McMath","TEN","WR","6.4","1.3","5","0","0","0","0","1","4","0","0","8","2","40","0"
"Trestan Ebner","CHI","RB","6.2","0.4","17","0","0","0","0","24","54","0","1","8","2","8","0"
"Anthony McFarland Jr.","PIT","RB","6.1","6.1","1","0","0","0","0","6","30","0","0","2","2","11","0"
"Jakob Johnson","LV","RB","6","0.4","17","0","0","0","0","0","0","0","0","6","5","10","0"
"Tim Jones","JAX","WR","6","0.4","17","0","0","0","0","0","0","0","0","4","3","30","0"
"Mike Thomas","CIN","WR","5.8","0.6","10","0","0","0","0","0","0","0","0","10","2","38","0"
"Patrick Taylor","GB","RB","5.8","0.4","14","0","0","0","0","10","31","0","0","1","1","17","0"
"Stone Smartt","LAC","TE","5.7","0.8","7","0","0","0","0","0","0","0","0","5","4","17","0"
"Ben Ellefson","MIN","TE","5.6","1.4","4","0","0","0","0","0","0","0","0","3","3","26","0"
"Anthony Brown","BAL","QB","5.6","2.8","2","22","302","0","2","3","-5","0","1","0","0","0","0"
"Dwayne Washington","NO","RB","5.5","0.5","12","0","0","0","0","11","38","0","0","1","1","7","0"
"Kendall Blanton","LAR","TE","5.5","1.4","4","0","0","0","0","0","0","0","0","2","2","35","0"
"Kene Nwangwu","MIN","RB","5.5","0.3","17","0","0","0","0","9","14","0","0","2","2","21","0"
"D'Ernest Johnson","CLE","RB","5.4","0.4","15","0","0","0","0","4","17","0","0","3","3","7","0"
"Simi Fehoko","DAL","WR","5.4","1.1","5","0","0","0","0","0","0","0","0","4","3","24","0"
"Larry Rountree III","LAC","RB","5.3","1.3","4","0","0","0","0","13","19","0","0","2","2","14","0"
"Jonathan Ward","ARI","RB","5.2","0.7","8","0","0","0","0","5","25","0","0","3","2","7","0"
"Montrell Washington","DEN","WR","5.2","0.3","15","0","0","0","0","5","30","0","1","9","4","2","0"
"Blaine Gabbert","TB","QB","5.2","5.2","1","6","29","1","0","0","0","0","0","0","0","0","0"
"Penny Hart","SEA","WR","5","0.6","9","0","0","0","0","0","0","0","0","4","3","20","0"
"Jesper Horsted","LV","TE","4.9","0.3","15","0","0","0","0","0","0","0","0","4","3","19","0"
"Jaelon Darden","TB","WR","4.8","0.3","14","0","0","0","0","1","2","0","0","2","2","26","0"
"Maxx Williams","ARI","TE","4.8","0.4","11","0","0","0","0","0","0","0","0","3","3","18","0"
"Tyrie Cleveland","DEN","WR","4.8","0.8","6","0","0","0","0","0","0","0","0","7","2","28","0"
"Adam Prentice","NO","RB","4.8","0.4","11","0","0","0","0","4","9","0","0","3","3","9","0"
"Giovani Bernard","TB","RB","4.7","0.6","8","0","0","0","0","8","28","0","0","2","2","-1","0"
"Bryan Edwards","ATL","WR","4.5","0.6","7","0","0","0","0","0","0","0","0","5","3","15","0"
"Daylen Baldwin","CLE","WR","4.5","4.5","1","0","0","0","0","0","0","0","0","2","2","25","0"
"Dezmon Patmon","IND","WR","4.4","4.4","1","0","0","0","0","0","0","0","0","6","2","24","0"
"Dareke Young","SEA","WR","4.4","0.3","13","0","0","0","0","0","0","0","0","2","2","24","0"
"Cole Turner","WAS","TE","4.3","0.4","10","0","0","0","0","0","0","0","0","9","2","23","0"
"Mike Davis","BAL","RB","4.2","0.5","8","0","0","0","0","8","18","0","0","2","2","4","0"
"Andy Isabella","ARI","WR","4.2","0.8","5","0","0","0","0","1","1","0","0","5","2","21","0"
"Pharoh Cooper","ARI","WR","4.1","0.8","5","0","0","0","0","4","15","0","0","2","2","6","0"
"Cade Johnson","SEA","WR","4.1","1.4","3","0","0","0","0","0","0","0","0","4","2","21","0"
"Lil'Jordan Humphrey","NE","WR","4","0.7","6","0","0","0","0","0","0","0","0","4","2","20","0"
"Stephen Anderson","ARI","TE","3.9","0.2","16","0","0","0","0","0","0","0","0","7","3","9","0"
"Michael Burton","KC","RB","3.8","0.2","17","0","0","0","0","5","7","0","0","3","2","11","0"
"Keith Kirkwood","NO","WR","3.8","0.8","5","0","0","0","0","0","0","0","0","4","2","18","0"
"Dennis Houston","DAL","WR","3.6","1.8","2","0","0","0","0","0","0","0","0","6","2","16","0"
"Quintez Cephus","DET","WR","3.5","0.9","4","0","0","0","0","0","0","0","0","3","2","15","0"
"Nsimba Webster","CHI","WR","3.4","1.7","2","0","0","0","0","0","0","0","0","3","2","14","0"
"Austin Trammell","LAR","WR","3.3","0.5","6","0","0","0","0","0","0","0","0","4","2","13","0"
"Jalen Tolbert","DAL","WR","3.2","0.4","8","0","0","0","0","0","0","0","0","3","2","12","0"
"Miles Boykin","PIT","WR","3.1","0.2","16","0","0","0","0","0","0","0","0","3","2","11","0"
"Sean McKeon","DAL","TE","3.1","0.2","13","0","0","0","0","0","0","0","0","3","2","11","0"
"Danny Gray","SF","WR","2.9","0.2","13","0","0","0","0","1","9","0","0","7","1","10","0"
"Juwann Winfree","GB","WR","2.7","0.9","3","0","0","0","0","0","0","0","0","4","1","17","0"
"J.J. Taylor","NE","RB","2.7","2.7","1","0","0","0","0","10","9","0","0","1","1","8","0"
"Mason Schreck","HOU","TE","2.6","0.9","3","0","0","0","0","0","0","0","0","2","2","6","0"
"DJ Turner","LV","WR","2.6","0.3","9","0","0","0","0","4","26","0","0","1","0","0","0"
"Devin Asiasi","CIN","TE","2.5","0.2","12","0","0","0","0","0","0","0","0","4","2","5","0"
"Frank Darby","ATL","WR","2.5","0.5","5","0","0","0","0","0","0","0","0","1","1","15","0"
"Demetric Felton Jr.","CLE","RB","2.4","0.3","8","0","0","0","0","1","-4","0","0","4","2","8","0"
"Keith Smith","ATL","RB","2","0.1","17","0","0","0","0","1","2","0","0","2","1","8","0"
"Ty Chandler","MIN","RB","2","0.7","3","0","0","0","0","6","20","0","0","0","0","0","0"
"Jason Cabinda","DET","RB","1.9","0.2","8","0","0","0","0","1","4","0","0","4","1","5","0"
"Trey Sermon","PHI","RB","1.9","0.9","2","0","0","0","0","2","19","0","0","0","0","0","0"
"Tyron Johnson","LV","WR","1.8","0.5","4","0","0","0","0","0","0","0","0","1","1","8","0"
"Drew Sample","CIN","TE","1.8","0.9","2","0","0","0","0","0","0","0","0","2","2","-2","0"
"Jeremy Ruckert","NYJ","TE","1.8","0.2","9","0","0","0","0","0","0","0","0","2","1","8","0"
"Nick Foles","IND","QB","1.8","0.6","3","25","224","0","4","2","8","0","0","0","0","0","0"
"Godwin Igwebuike","SEA","RB","1.7","0.3","5","0","0","0","0","3","4","0","0","1","1","3","0"
"Devine Ozigbo","DEN","RB","1.7","0.4","4","0","0","0","0","3","4","0","0","1","1","3","0"
"Tommy Sweeney","BUF","TE","1.7","0.3","5","0","0","0","0","0","0","0","0","1","1","7","0"
"Jalen Camp","HOU","WR","1.7","0.8","2","0","0","0","0","0","0","0","0","1","1","7","0"
"Braylon Sanders","MIA","WR","1.7","0.6","3","0","0","0","0","0","0","0","1","3","2","17","0"
"Maurice Alexander","DET","WR","1.7","0.4","4","0","0","0","0","0","0","0","0","1","1","7","0"
"C.J. Board","TEN","WR","1.6","0.4","4","0","0","0","0","0","0","0","0","1","1","6","0"
"Jacob Harris","LAR","WR","1.6","0.2","7","0","0","0","0","0","0","0","0","1","1","6","0"
"Jason Moore Jr.","LAC","WR","1.5","0.3","6","0","0","0","0","0","0","0","0","2","1","5","0"
"Ty'Son Williams","ARI","RB","1.5","1.5","1","0","0","0","0","0","0","0","0","1","1","5","0"
"Brian Hoyer","NE","QB","1.5","1.5","1","5","37","0","0","0","0","0","0","0","0","0","0"
"Richard Rodgers","LAC","TE","1.4","0.1","10","0","0","0","0","0","0","0","0","3","1","4","0"
"Deonte Harty","NO","WR","1.3","0.3","4","0","0","0","0","0","0","0","1","2","2","13","0"
"Mason Kinsey","TEN","WR","1.3","0.7","2","0","0","0","0","0","0","0","0","1","1","3","0"
"Erik Ezukanma","MIA","WR","1.3","1.3","1","0","0","0","0","0","0","0","0","1","1","3","0"
"Cody White","PIT","WR","1.2","1.2","1","0","0","0","0","0","0","0","0","1","1","2","0"
"Jerome Ford","CLE","RB","1.2","0.1","13","0","0","0","0","8","12","0","0","0","0","0","0"
"Keke Coutee","IND","WR","1","0.1","8","0","0","0","0","0","0","0","1","1","1","20","0"
"Kyle Trask","TB","QB","0.9","0.9","1","3","23","0","0","0","0","0","0","0","0","0","0"
"Reggie Bonnafon","WAS","RB","0.8","0.8","1","0","0","0","0","3","8","0","0","0","0","0","0"
"Brandon Allen","CIN","QB","0.8","0.8","1","3","22","0","0","3","-1","0","0","0","0","0","0"
"Josh Johnson","SF","QB","0.7","0.3","2","1","10","0","0","2","3","0","0","0","0","0","0"
"Kylin Hill","GB","RB","0.7","0.3","2","0","0","0","0","1","7","0","0","0","0","0","0"
"Duke Johnson","BUF","RB","0.4","0.4","1","0","0","0","0","2","4","0","0","0","0","0","0"
"Ihmir Smith-Marsette","CHI","WR","0.4","0","8","0","0","0","0","1","-1","0","1","4","1","15","0"
"Jacob Eason","CAR","QB","0.4","0.4","1","3","59","0","1","0","0","0","0","0","0","0","0"
"Case Keenum","BUF","QB","0.3","0.2","2","2","8","0","0","5","0","0","0","0","0","0","0"
"Damien Williams","ATL","RB","0.2","0.2","1","0","0","0","0","2","2","0","0","0","0","0","0"
"Jordan Howard","NO","RB","0.1","0.1","2","0","0","0","0","1","1","0","0","0","0","0","0"
"Matthew Slater","NE","WR","0","0","17","0","0","0","0","0","0","0","0","0","0","0","0"
"Andre Roberts","CAR","WR","0","0","3","0","0","0","0","0","0","0","0","0","0","0","0"
"Josh Gordon","TEN","WR","0","0","2","0","0","0","0","0","0","0","0","1","0","0","0"
"Willie Snead IV","SF","WR","0","0","4","0","0","0","0","0","0","0","0","0","0","0","0"
"Jesse James","CLE","TE","0","0","2","0","0","0","0","0","0","0","0","0","0","0","0"
"Nick Boyle","BAL","TE","0","0","12","0","0","0","0","0","0","0","0","0","0","0","0"
"Rashard Higgins","CAR","WR","0","0","3","0","0","0","0","0","0","0","0","0","0","0","0"
"Alex Erickson","WAS","WR","0","0","2","0","0","0","0","0","0","0","0","0","0","0","0"
"J.P. Holtz","NO","TE","0","0","6","0","0","0","0","0","0","0","0","0","0","0","0"
"Garrett Griffin","DET","TE","0","0","1","0","0","0","0","0","0","0","0","0","0","0","0"
"Alex Armah","WAS","RB","0","0","3","0","0","0","0","0","0","0","0","0","0","0","0"
"Cethan Carter","MIA","TE","0","0","1","0","0","0","0","0","0","0","0","0","0","0","0"
"Jacob Hollister","MIN","TE","0","0","5","0","0","0","0","0","0","0","0","0","0","0","0"
"Marcus Kemp","KC","WR","0","0","3","0","0","0","0","0","0","0","0","0","0","0","0"
"Tanner Gentry","BUF","WR","0","0","3","0","0","0","0","0","0","0","0","1","0","0","0"
"Brandon Zylstra","DET","WR","0","0","2","0","0","0","0","0","0","0","0","0","0","0","0"
"James Washington","DAL","WR","0","0","2","0","0","0","0","0","0","0","0","1","0","0","0"
"John Kelly Jr.","CLE","RB","0","0","1","0","0","0","0","0","0","0","0","0","0","0","0"
"Javon Wims","ARI","WR","0","0","1","0","0","0","0","0","0","0","0","0","0","0","0"
"Trenton Cannon","TEN","RB","0","0","2","0","0","0","0","0","0","0","0","0","0","0","0"
"Logan Woodside","ATL","QB","0","0","1","0","0","0","0","0","0","0","0","0","0","0","0"
"Kevin Rader","TEN","TE","0","0","14","0","0","0","0","0","0","0","0","0","0","0","0"
"Malik Turner","SF","WR","0","0","3","0","0","0","0","0","0","0","0","0","0","0","0"
"Tyree Jackson","PHI","TE","0","0","5","0","0","0","0","0","0","0","0","0","0","0","0"
"Stanley Morgan","CIN","WR","0","0","14","0","0","0","0","0","0","0","0","1","0","0","0"
"Qadree Ollison","DAL","RB","0","0","3","0","0","0","0","0","0","0","0","0","0","0","0"
"Preston Williams","CAR","WR","0","0","1","0","0","0","0","0","0","0","0","0","0","0","0"
"Cullen Gillaspia","SEA","RB","0","0","1","0","0","0","0","0","0","0","0","0","0","0","0"
"Matt Sokol","NE","TE","0","0","3","0","0","0","0","0","0","0","0","0","0","0","0"
"Khari Blasingame","CHI","RB","0","0","16","0","0","0","0","0","0","0","0","1","0","0","0"
"Trinity Benson","DET","WR","0","0","1","0","0","0","0","0","0","0","0","0","0","0","0"
"Tyler Johnson","HOU","WR","0","0","2","0","0","0","0","0","0","0","0","0","0","0","0"
"Jared Pinkney","LAR","TE","0","0","4","0","0","0","0","0","0","0","0","0","0","0","0"
"Binjimen Victor","BAL","WR","0","0","2","0","0","0","0","0","0","0","0","0","0","0","0"
"Lynn Bowden Jr.","NE","WR","0","0","1","0","0","0","0","0","0","0","0","0","0","0","0"
"Noah Togiai","PHI","TE","0","0","2","0","0","0","0","0","0","0","0","1","0","0","0"
"Chase Allen","CHI","TE","0","0","1","0","0","0","0","0","0","0","0","0","0","0","0"
"Rico Dowdle","DAL","RB","0","0","5","0","0","0","0","0","0","0","0","0","0","0","0"
"Charlie Woerner","SF","TE","0","0","17","0","0","0","0","0","0","0","0","2","0","0","0"
"Antonio Williams","NYG","RB","0","0","2","0","0","0","0","0","0","0","0","0","0","0","0"
"Scotty Washington","NE","TE","0","0","1","0","0","0","0","0","0","0","0","0","0","0","0"
"Kirk Merritt","NO","WR","0","0","4","0","0","0","0","0","0","0","0","0","0","0","0"
"Dan Chisena","MIN","WR","0","0","2","0","0","0","0","0","0","0","0","0","0","0","0"
"Feleipe Franks","ATL","TE","0","0","11","0","0","0","0","1","0","0","0","2","0","0","0"
"Hunter Long","MIA","TE","0","0","9","0","0","0","0","0","0","0","0","0","0","0","0"
"Kenny Yeboah","NYJ","TE","0","0","10","0","0","0","0","0","0","0","0","0","0","0","0"
"Miller Forristall","CLE","TE","0","0","4","0","0","0","0","0","0","0","0","1","0","0","0"
"D'Vonte Price","IND","RB","0","0","1","0","0","0","0","0","0","0","0","0","0","0","0"
"Cornell Powell","KC","WR","0","0","3","0","0","0","0","0","0","0","0","0","0","0","0"
"Dez Fitzpatrick","TEN","WR","0","0","1","0","0","0","0","0","0","0","0","0","0","0","0"
"Johnny Johnson III","HOU","WR","0","0","1","0","0","0","0","0","0","0","0","0","0","0","0"
"Kaylon Geiger","TB","WR","0","0","3","0","0","0","0","0","0","0","0","0","0","0","0"
"Jake Funk","LAR","RB","0","0","6","0","0","0","0","0","0","0","0","0","0","0","0"
"Tory Carter","TEN","RB","0","0","9","0","0","0","0","0","0","0","0","0","0","0","0"
"Stanley Berryhill","DET","WR","0","0","4","0","0","0","0","0","0","0","0","0","0","0","0"
"Britain Covey","PHI","WR","0","0","17","0","0","0","0","0","0","0","0","0","0","0","0"
"Nikola Kalinic","IND","TE","0","0","7","0","0","0","0","0","0","0","0","0","0","0","0"
"Nick Muse","MIN","TE","0","0","10","0","0","0","0","0","0","0","0","0","0","0","0"
"Brittain Brown","LV","RB","0","0","6","0","0","0","0","0","0","0","0","0","0","0","0"
"Lucas Krull","NO","TE","0","0","1","0","0","0","0","0","0","0","0","0","0","0","0"
"Tay Martin","SF","WR","0","0","2","0","0","0","0","0","0","0","0","0","0","0","0"
"Jake Tonges","CHI","TE","0","0","4","0","0","0","0","0","0","0","0","1","0","0","0"
"Tanner Conner","MIA","TE","0","0","13","0","0","0","0","0","0","0","0","3","0","0","0"
"Jared Bernhardt","ATL","WR","0","0","2","0","0","0","0","0","0","0","0","0","0","0","0"
"Kyric McGowan","WAS","WR","0","0","2","0","0","0","0","0","0","0","0","0","0","0","0"
"Kwamie Lassiter II","CIN","WR","0","0","1","0","0","0","0","0","0","0","0","0","0","0","0"
"Roger Carter Jr.","LAR","TE","0","0","1","0","0","0","0","0","0","0","0","0","0","0","0"
"Lance McCutcheon","LAR","WR","0","0","10","0","0","0","0","0","0","0","0","4","0","0","0"
"Raleigh Webb","BAL","WR","0","0","12","0","0","0","0","0","0","0","0","0","0","0","0"
"Ethan Fernea","IND","WR","0","0","1","0","0","0","0","0","0","0","0","0","0","0","0"
"Josh Ali","ATL","WR","0","0","1","0","0","0","0","0","0","0","0","1","0","0","0"
"Nate Sudfeld","DET","QB","-0.4","-0.2","2","0","0","0","0","5","-4","0","0","0","0","0","0"
"KaVontae Turpin","DAL","WR","-0.4","0","17","0","0","0","0","3","17","0","2","2","1","9","0"
"Chad Henne","KC","QB","-0.5","-0.2","3","0","0","0","0","5","-5","0","0","0","0","0","0"
"C.J. Beathard","JAX","QB","-1","-0.3","4","7","35","0","1","4","-4","0","0","0","0","0","0"
"Taiwan Jones","BUF","RB","-2","-0.1","16","0","0","0","0","0","0","0","1","0","0","0","0"
"Chester Rogers","CLE","WR","-2","-0.7","3","0","0","0","0","0","0","0","1","0","0","0","0"
"Tim Boyle","CHI","QB","-2.9","-2.9","1","2","33","0","2","2","-2","0","0","0","0","0","0"